,buying_high,buying_low,buying_med,buying_vhigh,maintenance_high,maintenance_low,maintenance_med,maintenance_vhigh,doors_2,doors_3,doors_4,doors_5more,persons_2,persons_4,persons_more,luggage_space_big,luggage_space_med,luggage_space_small,safety_high,safety_low,safety_med
0,0,0,0,1,0,0,0,1,1,0,0,0,1,0,0,0,0,1,0,0,1
1,0,0,0,1,0,0,0,1,1,0,0,0,1,0,0,0,0,1,1,0,0
2,0,0,0,1,0,0,0,1,1,0,0,0,1,0,0,0,1,0,0,1,0
3,0,0,0,1,0,0,0,1,1,0,0,0,1,0,0,0,1,0,0,0,1
4,0,0,0,1,0,0,0,1,1,0,0,0,1,0,0,0,1,0,1,0,0
5,0,0,0,1,0,0,0,1,1,0,0,0,1,0,0,1,0,0,0,1,0
6,0,0,0,1,0,0,0,1,1,0,0,0,1,0,0,1,0,0,0,0,1
7,0,0,0,1,0,0,0,1,1,0,0,0,1,0,0,1,0,0,1,0,0
8,0,0,0,1,0,0,0,1,1,0,0,0,0,1,0,0,0,1,0,1,0
9,0,0,0,1,0,0,0,1,1,0,0,0,0,1,0,0,0,1,0,0,1
10,0,0,0,1,0,0,0,1,1,0,0,0,0,1,0,0,0,1,1,0,0
11,0,0,0,1,0,0,0,1,1,0,0,0,0,1,0,0,1,0,0,1,0
12,0,0,0,1,0,0,0,1,1,0,0,0,0,1,0,0,1,0,0,0,1
13,0,0,0,1,0,0,0,1,1,0,0,0,0,1,0,0,1,0,1,0,0
14,0,0,0,1,0,0,0,1,1,0,0,0,0,1,0,1,0,0,0,1,0
15,0,0,0,1,0,0,0,1,1,0,0,0,0,1,0,1,0,0,0,0,1
16,0,0,0,1,0,0,0,1,1,0,0,0,0,1,0,1,0,0,1,0,0
17,0,0,0,1,0,0,0,1,1,0,0,0,0,0,1,0,0,1,0,1,0
18,0,0,0,1,0,0,0,1,1,0,0,0,0,0,1,0,0,1,0,0,1
19,0,0,0,1,0,0,0,1,1,0,0,0,0,0,1,0,0,1,1,0,0
20,0,0,0,1,0,0,0,1,1,0,0,0,0,0,1,0,1,0,0,1,0
21,0,0,0,1,0,0,0,1,1,0,0,0,0,0,1,0,1,0,0,0,1
22,0,0,0,1,0,0,0,1,1,0,0,0,0,0,1,0,1,0,1,0,0
23,0,0,0,1,0,0,0,1,1,0,0,0,0,0,1,1,0,0,0,1,0
24,0,0,0,1,0,0,0,1,1,0,0,0,0,0,1,1,0,0,0,0,1
25,0,0,0,1,0,0,0,1,1,0,0,0,0,0,1,1,0,0,1,0,0
26,0,0,0,1,0,0,0,1,0,1,0,0,1,0,0,0,0,1,0,1,0
27,0,0,0,1,0,0,0,1,0,1,0,0,1,0,0,0,0,1,0,0,1
28,0,0,0,1,0,0,0,1,0,1,0,0,1,0,0,0,0,1,1,0,0
29,0,0,0,1,0,0,0,1,0,1,0,0,1,0,0,0,1,0,0,1,0
30,0,0,0,1,0,0,0,1,0,1,0,0,1,0,0,0,1,0,0,0,1
31,0,0,0,1,0,0,0,1,0,1,0,0,1,0,0,0,1,0,1,0,0
32,0,0,0,1,0,0,0,1,0,1,0,0,1,0,0,1,0,0,0,1,0
33,0,0,0,1,0,0,0,1,0,1,0,0,1,0,0,1,0,0,0,0,1
34,0,0,0,1,0,0,0,1,0,1,0,0,1,0,0,1,0,0,1,0,0
35,0,0,0,1,0,0,0,1,0,1,0,0,0,1,0,0,0,1,0,1,0
36,0,0,0,1,0,0,0,1,0,1,0,0,0,1,0,0,0,1,0,0,1
37,0,0,0,1,0,0,0,1,0,1,0,0,0,1,0,0,0,1,1,0,0
38,0,0,0,1,0,0,0,1,0,1,0,0,0,1,0,0,1,0,0,1,0
39,0,0,0,1,0,0,0,1,0,1,0,0,0,1,0,0,1,0,0,0,1
40,0,0,0,1,0,0,0,1,0,1,0,0,0,1,0,0,1,0,1,0,0
41,0,0,0,1,0,0,0,1,0,1,0,0,0,1,0,1,0,0,0,1,0
42,0,0,0,1,0,0,0,1,0,1,0,0,0,1,0,1,0,0,0,0,1
43,0,0,0,1,0,0,0,1,0,1,0,0,0,1,0,1,0,0,1,0,0
44,0,0,0,1,0,0,0,1,0,1,0,0,0,0,1,0,0,1,0,1,0
45,0,0,0,1,0,0,0,1,0,1,0,0,0,0,1,0,0,1,0,0,1
46,0,0,0,1,0,0,0,1,0,1,0,0,0,0,1,0,0,1,1,0,0
47,0,0,0,1,0,0,0,1,0,1,0,0,0,0,1,0,1,0,0,1,0
48,0,0,0,1,0,0,0,1,0,1,0,0,0,0,1,0,1,0,0,0,1
49,0,0,0,1,0,0,0,1,0,1,0,0,0,0,1,0,1,0,1,0,0
50,0,0,0,1,0,0,0,1,0,1,0,0,0,0,1,1,0,0,0,1,0
51,0,0,0,1,0,0,0,1,0,1,0,0,0,0,1,1,0,0,0,0,1
52,0,0,0,1,0,0,0,1,0,1,0,0,0,0,1,1,0,0,1,0,0
53,0,0,0,1,0,0,0,1,0,0,1,0,1,0,0,0,0,1,0,1,0
54,0,0,0,1,0,0,0,1,0,0,1,0,1,0,0,0,0,1,0,0,1
55,0,0,0,1,0,0,0,1,0,0,1,0,1,0,0,0,0,1,1,0,0
56,0,0,0,1,0,0,0,1,0,0,1,0,1,0,0,0,1,0,0,1,0
57,0,0,0,1,0,0,0,1,0,0,1,0,1,0,0,0,1,0,0,0,1
58,0,0,0,1,0,0,0,1,0,0,1,0,1,0,0,0,1,0,1,0,0
59,0,0,0,1,0,0,0,1,0,0,1,0,1,0,0,1,0,0,0,1,0
60,0,0,0,1,0,0,0,1,0,0,1,0,1,0,0,1,0,0,0,0,1
61,0,0,0,1,0,0,0,1,0,0,1,0,1,0,0,1,0,0,1,0,0
62,0,0,0,1,0,0,0,1,0,0,1,0,0,1,0,0,0,1,0,1,0
63,0,0,0,1,0,0,0,1,0,0,1,0,0,1,0,0,0,1,0,0,1
64,0,0,0,1,0,0,0,1,0,0,1,0,0,1,0,0,0,1,1,0,0
65,0,0,0,1,0,0,0,1,0,0,1,0,0,1,0,0,1,0,0,1,0
66,0,0,0,1,0,0,0,1,0,0,1,0,0,1,0,0,1,0,0,0,1
67,0,0,0,1,0,0,0,1,0,0,1,0,0,1,0,0,1,0,1,0,0
68,0,0,0,1,0,0,0,1,0,0,1,0,0,1,0,1,0,0,0,1,0
69,0,0,0,1,0,0,0,1,0,0,1,0,0,1,0,1,0,0,0,0,1
70,0,0,0,1,0,0,0,1,0,0,1,0,0,1,0,1,0,0,1,0,0
71,0,0,0,1,0,0,0,1,0,0,1,0,0,0,1,0,0,1,0,1,0
72,0,0,0,1,0,0,0,1,0,0,1,0,0,0,1,0,0,1,0,0,1
73,0,0,0,1,0,0,0,1,0,0,1,0,0,0,1,0,0,1,1,0,0
74,0,0,0,1,0,0,0,1,0,0,1,0,0,0,1,0,1,0,0,1,0
75,0,0,0,1,0,0,0,1,0,0,1,0,0,0,1,0,1,0,0,0,1
76,0,0,0,1,0,0,0,1,0,0,1,0,0,0,1,0,1,0,1,0,0
77,0,0,0,1,0,0,0,1,0,0,1,0,0,0,1,1,0,0,0,1,0
78,0,0,0,1,0,0,0,1,0,0,1,0,0,0,1,1,0,0,0,0,1
79,0,0,0,1,0,0,0,1,0,0,1,0,0,0,1,1,0,0,1,0,0
80,0,0,0,1,0,0,0,1,0,0,0,1,1,0,0,0,0,1,0,1,0
81,0,0,0,1,0,0,0,1,0,0,0,1,1,0,0,0,0,1,0,0,1
82,0,0,0,1,0,0,0,1,0,0,0,1,1,0,0,0,0,1,1,0,0
83,0,0,0,1,0,0,0,1,0,0,0,1,1,0,0,0,1,0,0,1,0
84,0,0,0,1,0,0,0,1,0,0,0,1,1,0,0,0,1,0,0,0,1
85,0,0,0,1,0,0,0,1,0,0,0,1,1,0,0,0,1,0,1,0,0
86,0,0,0,1,0,0,0,1,0,0,0,1,1,0,0,1,0,0,0,1,0
87,0,0,0,1,0,0,0,1,0,0,0,1,1,0,0,1,0,0,0,0,1
88,0,0,0,1,0,0,0,1,0,0,0,1,1,0,0,1,0,0,1,0,0
89,0,0,0,1,0,0,0,1,0,0,0,1,0,1,0,0,0,1,0,1,0
90,0,0,0,1,0,0,0,1,0,0,0,1,0,1,0,0,0,1,0,0,1
91,0,0,0,1,0,0,0,1,0,0,0,1,0,1,0,0,0,1,1,0,0
92,0,0,0,1,0,0,0,1,0,0,0,1,0,1,0,0,1,0,0,1,0
93,0,0,0,1,0,0,0,1,0,0,0,1,0,1,0,0,1,0,0,0,1
94,0,0,0,1,0,0,0,1,0,0,0,1,0,1,0,0,1,0,1,0,0
95,0,0,0,1,0,0,0,1,0,0,0,1,0,1,0,1,0,0,0,1,0
96,0,0,0,1,0,0,0,1,0,0,0,1,0,1,0,1,0,0,0,0,1
97,0,0,0,1,0,0,0,1,0,0,0,1,0,1,0,1,0,0,1,0,0
98,0,0,0,1,0,0,0,1,0,0,0,1,0,0,1,0,0,1,0,1,0
99,0,0,0,1,0,0,0,1,0,0,0,1,0,0,1,0,0,1,0,0,1
100,0,0,0,1,0,0,0,1,0,0,0,1,0,0,1,0,0,1,1,0,0
101,0,0,0,1,0,0,0,1,0,0,0,1,0,0,1,0,1,0,0,1,0
102,0,0,0,1,0,0,0,1,0,0,0,1,0,0,1,0,1,0,0,0,1
103,0,0,0,1,0,0,0,1,0,0,0,1,0,0,1,0,1,0,1,0,0
104,0,0,0,1,0,0,0,1,0,0,0,1,0,0,1,1,0,0,0,1,0
105,0,0,0,1,0,0,0,1,0,0,0,1,0,0,1,1,0,0,0,0,1
106,0,0,0,1,0,0,0,1,0,0,0,1,0,0,1,1,0,0,1,0,0
107,0,0,0,1,1,0,0,0,1,0,0,0,1,0,0,0,0,1,0,1,0
108,0,0,0,1,1,0,0,0,1,0,0,0,1,0,0,0,0,1,0,0,1
109,0,0,0,1,1,0,0,0,1,0,0,0,1,0,0,0,0,1,1,0,0
110,0,0,0,1,1,0,0,0,1,0,0,0,1,0,0,0,1,0,0,1,0
111,0,0,0,1,1,0,0,0,1,0,0,0,1,0,0,0,1,0,0,0,1
112,0,0,0,1,1,0,0,0,1,0,0,0,1,0,0,0,1,0,1,0,0
113,0,0,0,1,1,0,0,0,1,0,0,0,1,0,0,1,0,0,0,1,0
114,0,0,0,1,1,0,0,0,1,0,0,0,1,0,0,1,0,0,0,0,1
115,0,0,0,1,1,0,0,0,1,0,0,0,1,0,0,1,0,0,1,0,0
116,0,0,0,1,1,0,0,0,1,0,0,0,0,1,0,0,0,1,0,1,0
117,0,0,0,1,1,0,0,0,1,0,0,0,0,1,0,0,0,1,0,0,1
118,0,0,0,1,1,0,0,0,1,0,0,0,0,1,0,0,0,1,1,0,0
119,0,0,0,1,1,0,0,0,1,0,0,0,0,1,0,0,1,0,0,1,0
120,0,0,0,1,1,0,0,0,1,0,0,0,0,1,0,0,1,0,0,0,1
121,0,0,0,1,1,0,0,0,1,0,0,0,0,1,0,0,1,0,1,0,0
122,0,0,0,1,1,0,0,0,1,0,0,0,0,1,0,1,0,0,0,1,0
123,0,0,0,1,1,0,0,0,1,0,0,0,0,1,0,1,0,0,0,0,1
124,0,0,0,1,1,0,0,0,1,0,0,0,0,1,0,1,0,0,1,0,0
125,0,0,0,1,1,0,0,0,1,0,0,0,0,0,1,0,0,1,0,1,0
126,0,0,0,1,1,0,0,0,1,0,0,0,0,0,1,0,0,1,0,0,1
127,0,0,0,1,1,0,0,0,1,0,0,0,0,0,1,0,0,1,1,0,0
128,0,0,0,1,1,0,0,0,1,0,0,0,0,0,1,0,1,0,0,1,0
129,0,0,0,1,1,0,0,0,1,0,0,0,0,0,1,0,1,0,0,0,1
130,0,0,0,1,1,0,0,0,1,0,0,0,0,0,1,0,1,0,1,0,0
131,0,0,0,1,1,0,0,0,1,0,0,0,0,0,1,1,0,0,0,1,0
132,0,0,0,1,1,0,0,0,1,0,0,0,0,0,1,1,0,0,0,0,1
133,0,0,0,1,1,0,0,0,1,0,0,0,0,0,1,1,0,0,1,0,0
134,0,0,0,1,1,0,0,0,0,1,0,0,1,0,0,0,0,1,0,1,0
135,0,0,0,1,1,0,0,0,0,1,0,0,1,0,0,0,0,1,0,0,1
136,0,0,0,1,1,0,0,0,0,1,0,0,1,0,0,0,0,1,1,0,0
137,0,0,0,1,1,0,0,0,0,1,0,0,1,0,0,0,1,0,0,1,0
138,0,0,0,1,1,0,0,0,0,1,0,0,1,0,0,0,1,0,0,0,1
139,0,0,0,1,1,0,0,0,0,1,0,0,1,0,0,0,1,0,1,0,0
140,0,0,0,1,1,0,0,0,0,1,0,0,1,0,0,1,0,0,0,1,0
141,0,0,0,1,1,0,0,0,0,1,0,0,1,0,0,1,0,0,0,0,1
142,0,0,0,1,1,0,0,0,0,1,0,0,1,0,0,1,0,0,1,0,0
143,0,0,0,1,1,0,0,0,0,1,0,0,0,1,0,0,0,1,0,1,0
144,0,0,0,1,1,0,0,0,0,1,0,0,0,1,0,0,0,1,0,0,1
145,0,0,0,1,1,0,0,0,0,1,0,0,0,1,0,0,0,1,1,0,0
146,0,0,0,1,1,0,0,0,0,1,0,0,0,1,0,0,1,0,0,1,0
147,0,0,0,1,1,0,0,0,0,1,0,0,0,1,0,0,1,0,0,0,1
148,0,0,0,1,1,0,0,0,0,1,0,0,0,1,0,0,1,0,1,0,0
149,0,0,0,1,1,0,0,0,0,1,0,0,0,1,0,1,0,0,0,1,0
150,0,0,0,1,1,0,0,0,0,1,0,0,0,1,0,1,0,0,0,0,1
151,0,0,0,1,1,0,0,0,0,1,0,0,0,1,0,1,0,0,1,0,0
152,0,0,0,1,1,0,0,0,0,1,0,0,0,0,1,0,0,1,0,1,0
153,0,0,0,1,1,0,0,0,0,1,0,0,0,0,1,0,0,1,0,0,1
154,0,0,0,1,1,0,0,0,0,1,0,0,0,0,1,0,0,1,1,0,0
155,0,0,0,1,1,0,0,0,0,1,0,0,0,0,1,0,1,0,0,1,0
156,0,0,0,1,1,0,0,0,0,1,0,0,0,0,1,0,1,0,0,0,1
157,0,0,0,1,1,0,0,0,0,1,0,0,0,0,1,0,1,0,1,0,0
158,0,0,0,1,1,0,0,0,0,1,0,0,0,0,1,1,0,0,0,1,0
159,0,0,0,1,1,0,0,0,0,1,0,0,0,0,1,1,0,0,0,0,1
160,0,0,0,1,1,0,0,0,0,1,0,0,0,0,1,1,0,0,1,0,0
161,0,0,0,1,1,0,0,0,0,0,1,0,1,0,0,0,0,1,0,1,0
162,0,0,0,1,1,0,0,0,0,0,1,0,1,0,0,0,0,1,0,0,1
163,0,0,0,1,1,0,0,0,0,0,1,0,1,0,0,0,0,1,1,0,0
164,0,0,0,1,1,0,0,0,0,0,1,0,1,0,0,0,1,0,0,1,0
165,0,0,0,1,1,0,0,0,0,0,1,0,1,0,0,0,1,0,0,0,1
166,0,0,0,1,1,0,0,0,0,0,1,0,1,0,0,0,1,0,1,0,0
167,0,0,0,1,1,0,0,0,0,0,1,0,1,0,0,1,0,0,0,1,0
168,0,0,0,1,1,0,0,0,0,0,1,0,1,0,0,1,0,0,0,0,1
169,0,0,0,1,1,0,0,0,0,0,1,0,1,0,0,1,0,0,1,0,0
170,0,0,0,1,1,0,0,0,0,0,1,0,0,1,0,0,0,1,0,1,0
171,0,0,0,1,1,0,0,0,0,0,1,0,0,1,0,0,0,1,0,0,1
172,0,0,0,1,1,0,0,0,0,0,1,0,0,1,0,0,0,1,1,0,0
173,0,0,0,1,1,0,0,0,0,0,1,0,0,1,0,0,1,0,0,1,0
174,0,0,0,1,1,0,0,0,0,0,1,0,0,1,0,0,1,0,0,0,1
175,0,0,0,1,1,0,0,0,0,0,1,0,0,1,0,0,1,0,1,0,0
176,0,0,0,1,1,0,0,0,0,0,1,0,0,1,0,1,0,0,0,1,0
177,0,0,0,1,1,0,0,0,0,0,1,0,0,1,0,1,0,0,0,0,1
178,0,0,0,1,1,0,0,0,0,0,1,0,0,1,0,1,0,0,1,0,0
179,0,0,0,1,1,0,0,0,0,0,1,0,0,0,1,0,0,1,0,1,0
180,0,0,0,1,1,0,0,0,0,0,1,0,0,0,1,0,0,1,0,0,1
181,0,0,0,1,1,0,0,0,0,0,1,0,0,0,1,0,0,1,1,0,0
182,0,0,0,1,1,0,0,0,0,0,1,0,0,0,1,0,1,0,0,1,0
183,0,0,0,1,1,0,0,0,0,0,1,0,0,0,1,0,1,0,0,0,1
184,0,0,0,1,1,0,0,0,0,0,1,0,0,0,1,0,1,0,1,0,0
185,0,0,0,1,1,0,0,0,0,0,1,0,0,0,1,1,0,0,0,1,0
186,0,0,0,1,1,0,0,0,0,0,1,0,0,0,1,1,0,0,0,0,1
187,0,0,0,1,1,0,0,0,0,0,1,0,0,0,1,1,0,0,1,0,0
188,0,0,0,1,1,0,0,0,0,0,0,1,1,0,0,0,0,1,0,1,0
189,0,0,0,1,1,0,0,0,0,0,0,1,1,0,0,0,0,1,0,0,1
190,0,0,0,1,1,0,0,0,0,0,0,1,1,0,0,0,0,1,1,0,0
191,0,0,0,1,1,0,0,0,0,0,0,1,1,0,0,0,1,0,0,1,0
192,0,0,0,1,1,0,0,0,0,0,0,1,1,0,0,0,1,0,0,0,1
193,0,0,0,1,1,0,0,0,0,0,0,1,1,0,0,0,1,0,1,0,0
194,0,0,0,1,1,0,0,0,0,0,0,1,1,0,0,1,0,0,0,1,0
195,0,0,0,1,1,0,0,0,0,0,0,1,1,0,0,1,0,0,0,0,1
196,0,0,0,1,1,0,0,0,0,0,0,1,1,0,0,1,0,0,1,0,0
197,0,0,0,1,1,0,0,0,0,0,0,1,0,1,0,0,0,1,0,1,0
198,0,0,0,1,1,0,0,0,0,0,0,1,0,1,0,0,0,1,0,0,1
199,0,0,0,1,1,0,0,0,0,0,0,1,0,1,0,0,0,1,1,0,0
200,0,0,0,1,1,0,0,0,0,0,0,1,0,1,0,0,1,0,0,1,0
201,0,0,0,1,1,0,0,0,0,0,0,1,0,1,0,0,1,0,0,0,1
202,0,0,0,1,1,0,0,0,0,0,0,1,0,1,0,0,1,0,1,0,0
203,0,0,0,1,1,0,0,0,0,0,0,1,0,1,0,1,0,0,0,1,0
204,0,0,0,1,1,0,0,0,0,0,0,1,0,1,0,1,0,0,0,0,1
205,0,0,0,1,1,0,0,0,0,0,0,1,0,1,0,1,0,0,1,0,0
206,0,0,0,1,1,0,0,0,0,0,0,1,0,0,1,0,0,1,0,1,0
207,0,0,0,1,1,0,0,0,0,0,0,1,0,0,1,0,0,1,0,0,1
208,0,0,0,1,1,0,0,0,0,0,0,1,0,0,1,0,0,1,1,0,0
209,0,0,0,1,1,0,0,0,0,0,0,1,0,0,1,0,1,0,0,1,0
210,0,0,0,1,1,0,0,0,0,0,0,1,0,0,1,0,1,0,0,0,1
211,0,0,0,1,1,0,0,0,0,0,0,1,0,0,1,0,1,0,1,0,0
212,0,0,0,1,1,0,0,0,0,0,0,1,0,0,1,1,0,0,0,1,0
213,0,0,0,1,1,0,0,0,0,0,0,1,0,0,1,1,0,0,0,0,1
214,0,0,0,1,1,0,0,0,0,0,0,1,0,0,1,1,0,0,1,0,0
215,0,0,0,1,0,0,1,0,1,0,0,0,1,0,0,0,0,1,0,1,0
216,0,0,0,1,0,0,1,0,1,0,0,0,1,0,0,0,0,1,0,0,1
217,0,0,0,1,0,0,1,0,1,0,0,0,1,0,0,0,0,1,1,0,0
218,0,0,0,1,0,0,1,0,1,0,0,0,1,0,0,0,1,0,0,1,0
219,0,0,0,1,0,0,1,0,1,0,0,0,1,0,0,0,1,0,0,0,1
220,0,0,0,1,0,0,1,0,1,0,0,0,1,0,0,0,1,0,1,0,0
221,0,0,0,1,0,0,1,0,1,0,0,0,1,0,0,1,0,0,0,1,0
222,0,0,0,1,0,0,1,0,1,0,0,0,1,0,0,1,0,0,0,0,1
223,0,0,0,1,0,0,1,0,1,0,0,0,1,0,0,1,0,0,1,0,0
224,0,0,0,1,0,0,1,0,1,0,0,0,0,1,0,0,0,1,0,1,0
225,0,0,0,1,0,0,1,0,1,0,0,0,0,1,0,0,0,1,0,0,1
226,0,0,0,1,0,0,1,0,1,0,0,0,0,1,0,0,0,1,1,0,0
227,0,0,0,1,0,0,1,0,1,0,0,0,0,1,0,0,1,0,0,1,0
228,0,0,0,1,0,0,1,0,1,0,0,0,0,1,0,0,1,0,0,0,1
229,0,0,0,1,0,0,1,0,1,0,0,0,0,1,0,0,1,0,1,0,0
230,0,0,0,1,0,0,1,0,1,0,0,0,0,1,0,1,0,0,0,1,0
231,0,0,0,1,0,0,1,0,1,0,0,0,0,1,0,1,0,0,0,0,1
232,0,0,0,1,0,0,1,0,1,0,0,0,0,1,0,1,0,0,1,0,0
233,0,0,0,1,0,0,1,0,1,0,0,0,0,0,1,0,0,1,0,1,0
234,0,0,0,1,0,0,1,0,1,0,0,0,0,0,1,0,0,1,0,0,1
235,0,0,0,1,0,0,1,0,1,0,0,0,0,0,1,0,0,1,1,0,0
236,0,0,0,1,0,0,1,0,1,0,0,0,0,0,1,0,1,0,0,1,0
237,0,0,0,1,0,0,1,0,1,0,0,0,0,0,1,0,1,0,0,0,1
238,0,0,0,1,0,0,1,0,1,0,0,0,0,0,1,0,1,0,1,0,0
239,0,0,0,1,0,0,1,0,1,0,0,0,0,0,1,1,0,0,0,1,0
240,0,0,0,1,0,0,1,0,1,0,0,0,0,0,1,1,0,0,0,0,1
241,0,0,0,1,0,0,1,0,1,0,0,0,0,0,1,1,0,0,1,0,0
242,0,0,0,1,0,0,1,0,0,1,0,0,1,0,0,0,0,1,0,1,0
243,0,0,0,1,0,0,1,0,0,1,0,0,1,0,0,0,0,1,0,0,1
244,0,0,0,1,0,0,1,0,0,1,0,0,1,0,0,0,0,1,1,0,0
245,0,0,0,1,0,0,1,0,0,1,0,0,1,0,0,0,1,0,0,1,0
246,0,0,0,1,0,0,1,0,0,1,0,0,1,0,0,0,1,0,0,0,1
247,0,0,0,1,0,0,1,0,0,1,0,0,1,0,0,0,1,0,1,0,0
248,0,0,0,1,0,0,1,0,0,1,0,0,1,0,0,1,0,0,0,1,0
249,0,0,0,1,0,0,1,0,0,1,0,0,1,0,0,1,0,0,0,0,1
250,0,0,0,1,0,0,1,0,0,1,0,0,1,0,0,1,0,0,1,0,0
251,0,0,0,1,0,0,1,0,0,1,0,0,0,1,0,0,0,1,0,1,0
252,0,0,0,1,0,0,1,0,0,1,0,0,0,1,0,0,0,1,0,0,1
253,0,0,0,1,0,0,1,0,0,1,0,0,0,1,0,0,0,1,1,0,0
254,0,0,0,1,0,0,1,0,0,1,0,0,0,1,0,0,1,0,0,1,0
255,0,0,0,1,0,0,1,0,0,1,0,0,0,1,0,0,1,0,0,0,1
256,0,0,0,1,0,0,1,0,0,1,0,0,0,1,0,0,1,0,1,0,0
257,0,0,0,1,0,0,1,0,0,1,0,0,0,1,0,1,0,0,0,1,0
258,0,0,0,1,0,0,1,0,0,1,0,0,0,1,0,1,0,0,0,0,1
259,0,0,0,1,0,0,1,0,0,1,0,0,0,1,0,1,0,0,1,0,0
260,0,0,0,1,0,0,1,0,0,1,0,0,0,0,1,0,0,1,0,1,0
261,0,0,0,1,0,0,1,0,0,1,0,0,0,0,1,0,0,1,0,0,1
262,0,0,0,1,0,0,1,0,0,1,0,0,0,0,1,0,0,1,1,0,0
263,0,0,0,1,0,0,1,0,0,1,0,0,0,0,1,0,1,0,0,1,0
264,0,0,0,1,0,0,1,0,0,1,0,0,0,0,1,0,1,0,0,0,1
265,0,0,0,1,0,0,1,0,0,1,0,0,0,0,1,0,1,0,1,0,0
266,0,0,0,1,0,0,1,0,0,1,0,0,0,0,1,1,0,0,0,1,0
267,0,0,0,1,0,0,1,0,0,1,0,0,0,0,1,1,0,0,0,0,1
268,0,0,0,1,0,0,1,0,0,1,0,0,0,0,1,1,0,0,1,0,0
269,0,0,0,1,0,0,1,0,0,0,1,0,1,0,0,0,0,1,0,1,0
270,0,0,0,1,0,0,1,0,0,0,1,0,1,0,0,0,0,1,0,0,1
271,0,0,0,1,0,0,1,0,0,0,1,0,1,0,0,0,0,1,1,0,0
272,0,0,0,1,0,0,1,0,0,0,1,0,1,0,0,0,1,0,0,1,0
273,0,0,0,1,0,0,1,0,0,0,1,0,1,0,0,0,1,0,0,0,1
274,0,0,0,1,0,0,1,0,0,0,1,0,1,0,0,0,1,0,1,0,0
275,0,0,0,1,0,0,1,0,0,0,1,0,1,0,0,1,0,0,0,1,0
276,0,0,0,1,0,0,1,0,0,0,1,0,1,0,0,1,0,0,0,0,1
277,0,0,0,1,0,0,1,0,0,0,1,0,1,0,0,1,0,0,1,0,0
278,0,0,0,1,0,0,1,0,0,0,1,0,0,1,0,0,0,1,0,1,0
279,0,0,0,1,0,0,1,0,0,0,1,0,0,1,0,0,0,1,0,0,1
280,0,0,0,1,0,0,1,0,0,0,1,0,0,1,0,0,0,1,1,0,0
281,0,0,0,1,0,0,1,0,0,0,1,0,0,1,0,0,1,0,0,1,0
282,0,0,0,1,0,0,1,0,0,0,1,0,0,1,0,0,1,0,0,0,1
283,0,0,0,1,0,0,1,0,0,0,1,0,0,1,0,0,1,0,1,0,0
284,0,0,0,1,0,0,1,0,0,0,1,0,0,1,0,1,0,0,0,1,0
285,0,0,0,1,0,0,1,0,0,0,1,0,0,1,0,1,0,0,0,0,1
286,0,0,0,1,0,0,1,0,0,0,1,0,0,1,0,1,0,0,1,0,0
287,0,0,0,1,0,0,1,0,0,0,1,0,0,0,1,0,0,1,0,1,0
288,0,0,0,1,0,0,1,0,0,0,1,0,0,0,1,0,0,1,0,0,1
289,0,0,0,1,0,0,1,0,0,0,1,0,0,0,1,0,0,1,1,0,0
290,0,0,0,1,0,0,1,0,0,0,1,0,0,0,1,0,1,0,0,1,0
291,0,0,0,1,0,0,1,0,0,0,1,0,0,0,1,0,1,0,0,0,1
292,0,0,0,1,0,0,1,0,0,0,1,0,0,0,1,0,1,0,1,0,0
293,0,0,0,1,0,0,1,0,0,0,1,0,0,0,1,1,0,0,0,1,0
294,0,0,0,1,0,0,1,0,0,0,1,0,0,0,1,1,0,0,0,0,1
295,0,0,0,1,0,0,1,0,0,0,1,0,0,0,1,1,0,0,1,0,0
296,0,0,0,1,0,0,1,0,0,0,0,1,1,0,0,0,0,1,0,1,0
297,0,0,0,1,0,0,1,0,0,0,0,1,1,0,0,0,0,1,0,0,1
298,0,0,0,1,0,0,1,0,0,0,0,1,1,0,0,0,0,1,1,0,0
299,0,0,0,1,0,0,1,0,0,0,0,1,1,0,0,0,1,0,0,1,0
300,0,0,0,1,0,0,1,0,0,0,0,1,1,0,0,0,1,0,0,0,1
301,0,0,0,1,0,0,1,0,0,0,0,1,1,0,0,0,1,0,1,0,0
302,0,0,0,1,0,0,1,0,0,0,0,1,1,0,0,1,0,0,0,1,0
303,0,0,0,1,0,0,1,0,0,0,0,1,1,0,0,1,0,0,0,0,1
304,0,0,0,1,0,0,1,0,0,0,0,1,1,0,0,1,0,0,1,0,0
305,0,0,0,1,0,0,1,0,0,0,0,1,0,1,0,0,0,1,0,1,0
306,0,0,0,1,0,0,1,0,0,0,0,1,0,1,0,0,0,1,0,0,1
307,0,0,0,1,0,0,1,0,0,0,0,1,0,1,0,0,0,1,1,0,0
308,0,0,0,1,0,0,1,0,0,0,0,1,0,1,0,0,1,0,0,1,0
309,0,0,0,1,0,0,1,0,0,0,0,1,0,1,0,0,1,0,0,0,1
310,0,0,0,1,0,0,1,0,0,0,0,1,0,1,0,0,1,0,1,0,0
311,0,0,0,1,0,0,1,0,0,0,0,1,0,1,0,1,0,0,0,1,0
312,0,0,0,1,0,0,1,0,0,0,0,1,0,1,0,1,0,0,0,0,1
313,0,0,0,1,0,0,1,0,0,0,0,1,0,1,0,1,0,0,1,0,0
314,0,0,0,1,0,0,1,0,0,0,0,1,0,0,1,0,0,1,0,1,0
315,0,0,0,1,0,0,1,0,0,0,0,1,0,0,1,0,0,1,0,0,1
316,0,0,0,1,0,0,1,0,0,0,0,1,0,0,1,0,0,1,1,0,0
317,0,0,0,1,0,0,1,0,0,0,0,1,0,0,1,0,1,0,0,1,0
318,0,0,0,1,0,0,1,0,0,0,0,1,0,0,1,0,1,0,0,0,1
319,0,0,0,1,0,0,1,0,0,0,0,1,0,0,1,0,1,0,1,0,0
320,0,0,0,1,0,0,1,0,0,0,0,1,0,0,1,1,0,0,0,1,0
321,0,0,0,1,0,0,1,0,0,0,0,1,0,0,1,1,0,0,0,0,1
322,0,0,0,1,0,0,1,0,0,0,0,1,0,0,1,1,0,0,1,0,0
323,0,0,0,1,0,1,0,0,1,0,0,0,1,0,0,0,0,1,0,1,0
324,0,0,0,1,0,1,0,0,1,0,0,0,1,0,0,0,0,1,0,0,1
325,0,0,0,1,0,1,0,0,1,0,0,0,1,0,0,0,0,1,1,0,0
326,0,0,0,1,0,1,0,0,1,0,0,0,1,0,0,0,1,0,0,1,0
327,0,0,0,1,0,1,0,0,1,0,0,0,1,0,0,0,1,0,0,0,1
328,0,0,0,1,0,1,0,0,1,0,0,0,1,0,0,0,1,0,1,0,0
329,0,0,0,1,0,1,0,0,1,0,0,0,1,0,0,1,0,0,0,1,0
330,0,0,0,1,0,1,0,0,1,0,0,0,1,0,0,1,0,0,0,0,1
331,0,0,0,1,0,1,0,0,1,0,0,0,1,0,0,1,0,0,1,0,0
332,0,0,0,1,0,1,0,0,1,0,0,0,0,1,0,0,0,1,0,1,0
333,0,0,0,1,0,1,0,0,1,0,0,0,0,1,0,0,0,1,0,0,1
334,0,0,0,1,0,1,0,0,1,0,0,0,0,1,0,0,0,1,1,0,0
335,0,0,0,1,0,1,0,0,1,0,0,0,0,1,0,0,1,0,0,1,0
336,0,0,0,1,0,1,0,0,1,0,0,0,0,1,0,0,1,0,0,0,1
337,0,0,0,1,0,1,0,0,1,0,0,0,0,1,0,0,1,0,1,0,0
338,0,0,0,1,0,1,0,0,1,0,0,0,0,1,0,1,0,0,0,1,0
339,0,0,0,1,0,1,0,0,1,0,0,0,0,1,0,1,0,0,0,0,1
340,0,0,0,1,0,1,0,0,1,0,0,0,0,1,0,1,0,0,1,0,0
341,0,0,0,1,0,1,0,0,1,0,0,0,0,0,1,0,0,1,0,1,0
342,0,0,0,1,0,1,0,0,1,0,0,0,0,0,1,0,0,1,0,0,1
343,0,0,0,1,0,1,0,0,1,0,0,0,0,0,1,0,0,1,1,0,0
344,0,0,0,1,0,1,0,0,1,0,0,0,0,0,1,0,1,0,0,1,0
345,0,0,0,1,0,1,0,0,1,0,0,0,0,0,1,0,1,0,0,0,1
346,0,0,0,1,0,1,0,0,1,0,0,0,0,0,1,0,1,0,1,0,0
347,0,0,0,1,0,1,0,0,1,0,0,0,0,0,1,1,0,0,0,1,0
348,0,0,0,1,0,1,0,0,1,0,0,0,0,0,1,1,0,0,0,0,1
349,0,0,0,1,0,1,0,0,1,0,0,0,0,0,1,1,0,0,1,0,0
350,0,0,0,1,0,1,0,0,0,1,0,0,1,0,0,0,0,1,0,1,0
351,0,0,0,1,0,1,0,0,0,1,0,0,1,0,0,0,0,1,0,0,1
352,0,0,0,1,0,1,0,0,0,1,0,0,1,0,0,0,0,1,1,0,0
353,0,0,0,1,0,1,0,0,0,1,0,0,1,0,0,0,1,0,0,1,0
354,0,0,0,1,0,1,0,0,0,1,0,0,1,0,0,0,1,0,0,0,1
355,0,0,0,1,0,1,0,0,0,1,0,0,1,0,0,0,1,0,1,0,0
356,0,0,0,1,0,1,0,0,0,1,0,0,1,0,0,1,0,0,0,1,0
357,0,0,0,1,0,1,0,0,0,1,0,0,1,0,0,1,0,0,0,0,1
358,0,0,0,1,0,1,0,0,0,1,0,0,1,0,0,1,0,0,1,0,0
359,0,0,0,1,0,1,0,0,0,1,0,0,0,1,0,0,0,1,0,1,0
360,0,0,0,1,0,1,0,0,0,1,0,0,0,1,0,0,0,1,0,0,1
361,0,0,0,1,0,1,0,0,0,1,0,0,0,1,0,0,0,1,1,0,0
362,0,0,0,1,0,1,0,0,0,1,0,0,0,1,0,0,1,0,0,1,0
363,0,0,0,1,0,1,0,0,0,1,0,0,0,1,0,0,1,0,0,0,1
364,0,0,0,1,0,1,0,0,0,1,0,0,0,1,0,0,1,0,1,0,0
365,0,0,0,1,0,1,0,0,0,1,0,0,0,1,0,1,0,0,0,1,0
366,0,0,0,1,0,1,0,0,0,1,0,0,0,1,0,1,0,0,0,0,1
367,0,0,0,1,0,1,0,0,0,1,0,0,0,1,0,1,0,0,1,0,0
368,0,0,0,1,0,1,0,0,0,1,0,0,0,0,1,0,0,1,0,1,0
369,0,0,0,1,0,1,0,0,0,1,0,0,0,0,1,0,0,1,0,0,1
370,0,0,0,1,0,1,0,0,0,1,0,0,0,0,1,0,0,1,1,0,0
371,0,0,0,1,0,1,0,0,0,1,0,0,0,0,1,0,1,0,0,1,0
372,0,0,0,1,0,1,0,0,0,1,0,0,0,0,1,0,1,0,0,0,1
373,0,0,0,1,0,1,0,0,0,1,0,0,0,0,1,0,1,0,1,0,0
374,0,0,0,1,0,1,0,0,0,1,0,0,0,0,1,1,0,0,0,1,0
375,0,0,0,1,0,1,0,0,0,1,0,0,0,0,1,1,0,0,0,0,1
376,0,0,0,1,0,1,0,0,0,1,0,0,0,0,1,1,0,0,1,0,0
377,0,0,0,1,0,1,0,0,0,0,1,0,1,0,0,0,0,1,0,1,0
378,0,0,0,1,0,1,0,0,0,0,1,0,1,0,0,0,0,1,0,0,1
379,0,0,0,1,0,1,0,0,0,0,1,0,1,0,0,0,0,1,1,0,0
380,0,0,0,1,0,1,0,0,0,0,1,0,1,0,0,0,1,0,0,1,0
381,0,0,0,1,0,1,0,0,0,0,1,0,1,0,0,0,1,0,0,0,1
382,0,0,0,1,0,1,0,0,0,0,1,0,1,0,0,0,1,0,1,0,0
383,0,0,0,1,0,1,0,0,0,0,1,0,1,0,0,1,0,0,0,1,0
384,0,0,0,1,0,1,0,0,0,0,1,0,1,0,0,1,0,0,0,0,1
385,0,0,0,1,0,1,0,0,0,0,1,0,1,0,0,1,0,0,1,0,0
386,0,0,0,1,0,1,0,0,0,0,1,0,0,1,0,0,0,1,0,1,0
387,0,0,0,1,0,1,0,0,0,0,1,0,0,1,0,0,0,1,0,0,1
388,0,0,0,1,0,1,0,0,0,0,1,0,0,1,0,0,0,1,1,0,0
389,0,0,0,1,0,1,0,0,0,0,1,0,0,1,0,0,1,0,0,1,0
390,0,0,0,1,0,1,0,0,0,0,1,0,0,1,0,0,1,0,0,0,1
391,0,0,0,1,0,1,0,0,0,0,1,0,0,1,0,0,1,0,1,0,0
392,0,0,0,1,0,1,0,0,0,0,1,0,0,1,0,1,0,0,0,1,0
393,0,0,0,1,0,1,0,0,0,0,1,0,0,1,0,1,0,0,0,0,1
394,0,0,0,1,0,1,0,0,0,0,1,0,0,1,0,1,0,0,1,0,0
395,0,0,0,1,0,1,0,0,0,0,1,0,0,0,1,0,0,1,0,1,0
396,0,0,0,1,0,1,0,0,0,0,1,0,0,0,1,0,0,1,0,0,1
397,0,0,0,1,0,1,0,0,0,0,1,0,0,0,1,0,0,1,1,0,0
398,0,0,0,1,0,1,0,0,0,0,1,0,0,0,1,0,1,0,0,1,0
399,0,0,0,1,0,1,0,0,0,0,1,0,0,0,1,0,1,0,0,0,1
400,0,0,0,1,0,1,0,0,0,0,1,0,0,0,1,0,1,0,1,0,0
401,0,0,0,1,0,1,0,0,0,0,1,0,0,0,1,1,0,0,0,1,0
402,0,0,0,1,0,1,0,0,0,0,1,0,0,0,1,1,0,0,0,0,1
403,0,0,0,1,0,1,0,0,0,0,1,0,0,0,1,1,0,0,1,0,0
404,0,0,0,1,0,1,0,0,0,0,0,1,1,0,0,0,0,1,0,1,0
405,0,0,0,1,0,1,0,0,0,0,0,1,1,0,0,0,0,1,0,0,1
406,0,0,0,1,0,1,0,0,0,0,0,1,1,0,0,0,0,1,1,0,0
407,0,0,0,1,0,1,0,0,0,0,0,1,1,0,0,0,1,0,0,1,0
408,0,0,0,1,0,1,0,0,0,0,0,1,1,0,0,0,1,0,0,0,1
409,0,0,0,1,0,1,0,0,0,0,0,1,1,0,0,0,1,0,1,0,0
410,0,0,0,1,0,1,0,0,0,0,0,1,1,0,0,1,0,0,0,1,0
411,0,0,0,1,0,1,0,0,0,0,0,1,1,0,0,1,0,0,0,0,1
412,0,0,0,1,0,1,0,0,0,0,0,1,1,0,0,1,0,0,1,0,0
413,0,0,0,1,0,1,0,0,0,0,0,1,0,1,0,0,0,1,0,1,0
414,0,0,0,1,0,1,0,0,0,0,0,1,0,1,0,0,0,1,0,0,1
415,0,0,0,1,0,1,0,0,0,0,0,1,0,1,0,0,0,1,1,0,0
416,0,0,0,1,0,1,0,0,0,0,0,1,0,1,0,0,1,0,0,1,0
417,0,0,0,1,0,1,0,0,0,0,0,1,0,1,0,0,1,0,0,0,1
418,0,0,0,1,0,1,0,0,0,0,0,1,0,1,0,0,1,0,1,0,0
419,0,0,0,1,0,1,0,0,0,0,0,1,0,1,0,1,0,0,0,1,0
420,0,0,0,1,0,1,0,0,0,0,0,1,0,1,0,1,0,0,0,0,1
421,0,0,0,1,0,1,0,0,0,0,0,1,0,1,0,1,0,0,1,0,0
422,0,0,0,1,0,1,0,0,0,0,0,1,0,0,1,0,0,1,0,1,0
423,0,0,0,1,0,1,0,0,0,0,0,1,0,0,1,0,0,1,0,0,1
424,0,0,0,1,0,1,0,0,0,0,0,1,0,0,1,0,0,1,1,0,0
425,0,0,0,1,0,1,0,0,0,0,0,1,0,0,1,0,1,0,0,1,0
426,0,0,0,1,0,1,0,0,0,0,0,1,0,0,1,0,1,0,0,0,1
427,0,0,0,1,0,1,0,0,0,0,0,1,0,0,1,0,1,0,1,0,0
428,0,0,0,1,0,1,0,0,0,0,0,1,0,0,1,1,0,0,0,1,0
429,0,0,0,1,0,1,0,0,0,0,0,1,0,0,1,1,0,0,0,0,1
430,0,0,0,1,0,1,0,0,0,0,0,1,0,0,1,1,0,0,1,0,0
431,1,0,0,0,0,0,0,1,1,0,0,0,1,0,0,0,0,1,0,1,0
432,1,0,0,0,0,0,0,1,1,0,0,0,1,0,0,0,0,1,0,0,1
433,1,0,0,0,0,0,0,1,1,0,0,0,1,0,0,0,0,1,1,0,0
434,1,0,0,0,0,0,0,1,1,0,0,0,1,0,0,0,1,0,0,1,0
435,1,0,0,0,0,0,0,1,1,0,0,0,1,0,0,0,1,0,0,0,1
436,1,0,0,0,0,0,0,1,1,0,0,0,1,0,0,0,1,0,1,0,0
437,1,0,0,0,0,0,0,1,1,0,0,0,1,0,0,1,0,0,0,1,0
438,1,0,0,0,0,0,0,1,1,0,0,0,1,0,0,1,0,0,0,0,1
439,1,0,0,0,0,0,0,1,1,0,0,0,1,0,0,1,0,0,1,0,0
440,1,0,0,0,0,0,0,1,1,0,0,0,0,1,0,0,0,1,0,1,0
441,1,0,0,0,0,0,0,1,1,0,0,0,0,1,0,0,0,1,0,0,1
442,1,0,0,0,0,0,0,1,1,0,0,0,0,1,0,0,0,1,1,0,0
443,1,0,0,0,0,0,0,1,1,0,0,0,0,1,0,0,1,0,0,1,0
444,1,0,0,0,0,0,0,1,1,0,0,0,0,1,0,0,1,0,0,0,1
445,1,0,0,0,0,0,0,1,1,0,0,0,0,1,0,0,1,0,1,0,0
446,1,0,0,0,0,0,0,1,1,0,0,0,0,1,0,1,0,0,0,1,0
447,1,0,0,0,0,0,0,1,1,0,0,0,0,1,0,1,0,0,0,0,1
448,1,0,0,0,0,0,0,1,1,0,0,0,0,1,0,1,0,0,1,0,0
449,1,0,0,0,0,0,0,1,1,0,0,0,0,0,1,0,0,1,0,1,0
450,1,0,0,0,0,0,0,1,1,0,0,0,0,0,1,0,0,1,0,0,1
451,1,0,0,0,0,0,0,1,1,0,0,0,0,0,1,0,0,1,1,0,0
452,1,0,0,0,0,0,0,1,1,0,0,0,0,0,1,0,1,0,0,1,0
453,1,0,0,0,0,0,0,1,1,0,0,0,0,0,1,0,1,0,0,0,1
454,1,0,0,0,0,0,0,1,1,0,0,0,0,0,1,0,1,0,1,0,0
455,1,0,0,0,0,0,0,1,1,0,0,0,0,0,1,1,0,0,0,1,0
456,1,0,0,0,0,0,0,1,1,0,0,0,0,0,1,1,0,0,0,0,1
457,1,0,0,0,0,0,0,1,1,0,0,0,0,0,1,1,0,0,1,0,0
458,1,0,0,0,0,0,0,1,0,1,0,0,1,0,0,0,0,1,0,1,0
459,1,0,0,0,0,0,0,1,0,1,0,0,1,0,0,0,0,1,0,0,1
460,1,0,0,0,0,0,0,1,0,1,0,0,1,0,0,0,0,1,1,0,0
461,1,0,0,0,0,0,0,1,0,1,0,0,1,0,0,0,1,0,0,1,0
462,1,0,0,0,0,0,0,1,0,1,0,0,1,0,0,0,1,0,0,0,1
463,1,0,0,0,0,0,0,1,0,1,0,0,1,0,0,0,1,0,1,0,0
464,1,0,0,0,0,0,0,1,0,1,0,0,1,0,0,1,0,0,0,1,0
465,1,0,0,0,0,0,0,1,0,1,0,0,1,0,0,1,0,0,0,0,1
466,1,0,0,0,0,0,0,1,0,1,0,0,1,0,0,1,0,0,1,0,0
467,1,0,0,0,0,0,0,1,0,1,0,0,0,1,0,0,0,1,0,1,0
468,1,0,0,0,0,0,0,1,0,1,0,0,0,1,0,0,0,1,0,0,1
469,1,0,0,0,0,0,0,1,0,1,0,0,0,1,0,0,0,1,1,0,0
470,1,0,0,0,0,0,0,1,0,1,0,0,0,1,0,0,1,0,0,1,0
471,1,0,0,0,0,0,0,1,0,1,0,0,0,1,0,0,1,0,0,0,1
472,1,0,0,0,0,0,0,1,0,1,0,0,0,1,0,0,1,0,1,0,0
473,1,0,0,0,0,0,0,1,0,1,0,0,0,1,0,1,0,0,0,1,0
474,1,0,0,0,0,0,0,1,0,1,0,0,0,1,0,1,0,0,0,0,1
475,1,0,0,0,0,0,0,1,0,1,0,0,0,1,0,1,0,0,1,0,0
476,1,0,0,0,0,0,0,1,0,1,0,0,0,0,1,0,0,1,0,1,0
477,1,0,0,0,0,0,0,1,0,1,0,0,0,0,1,0,0,1,0,0,1
478,1,0,0,0,0,0,0,1,0,1,0,0,0,0,1,0,0,1,1,0,0
479,1,0,0,0,0,0,0,1,0,1,0,0,0,0,1,0,1,0,0,1,0
480,1,0,0,0,0,0,0,1,0,1,0,0,0,0,1,0,1,0,0,0,1
481,1,0,0,0,0,0,0,1,0,1,0,0,0,0,1,0,1,0,1,0,0
482,1,0,0,0,0,0,0,1,0,1,0,0,0,0,1,1,0,0,0,1,0
483,1,0,0,0,0,0,0,1,0,1,0,0,0,0,1,1,0,0,0,0,1
484,1,0,0,0,0,0,0,1,0,1,0,0,0,0,1,1,0,0,1,0,0
485,1,0,0,0,0,0,0,1,0,0,1,0,1,0,0,0,0,1,0,1,0
486,1,0,0,0,0,0,0,1,0,0,1,0,1,0,0,0,0,1,0,0,1
487,1,0,0,0,0,0,0,1,0,0,1,0,1,0,0,0,0,1,1,0,0
488,1,0,0,0,0,0,0,1,0,0,1,0,1,0,0,0,1,0,0,1,0
489,1,0,0,0,0,0,0,1,0,0,1,0,1,0,0,0,1,0,0,0,1
490,1,0,0,0,0,0,0,1,0,0,1,0,1,0,0,0,1,0,1,0,0
491,1,0,0,0,0,0,0,1,0,0,1,0,1,0,0,1,0,0,0,1,0
492,1,0,0,0,0,0,0,1,0,0,1,0,1,0,0,1,0,0,0,0,1
493,1,0,0,0,0,0,0,1,0,0,1,0,1,0,0,1,0,0,1,0,0
494,1,0,0,0,0,0,0,1,0,0,1,0,0,1,0,0,0,1,0,1,0
495,1,0,0,0,0,0,0,1,0,0,1,0,0,1,0,0,0,1,0,0,1
496,1,0,0,0,0,0,0,1,0,0,1,0,0,1,0,0,0,1,1,0,0
497,1,0,0,0,0,0,0,1,0,0,1,0,0,1,0,0,1,0,0,1,0
498,1,0,0,0,0,0,0,1,0,0,1,0,0,1,0,0,1,0,0,0,1
499,1,0,0,0,0,0,0,1,0,0,1,0,0,1,0,0,1,0,1,0,0
500,1,0,0,0,0,0,0,1,0,0,1,0,0,1,0,1,0,0,0,1,0
501,1,0,0,0,0,0,0,1,0,0,1,0,0,1,0,1,0,0,0,0,1
502,1,0,0,0,0,0,0,1,0,0,1,0,0,1,0,1,0,0,1,0,0
503,1,0,0,0,0,0,0,1,0,0,1,0,0,0,1,0,0,1,0,1,0
504,1,0,0,0,0,0,0,1,0,0,1,0,0,0,1,0,0,1,0,0,1
505,1,0,0,0,0,0,0,1,0,0,1,0,0,0,1,0,0,1,1,0,0
506,1,0,0,0,0,0,0,1,0,0,1,0,0,0,1,0,1,0,0,1,0
507,1,0,0,0,0,0,0,1,0,0,1,0,0,0,1,0,1,0,0,0,1
508,1,0,0,0,0,0,0,1,0,0,1,0,0,0,1,0,1,0,1,0,0
509,1,0,0,0,0,0,0,1,0,0,1,0,0,0,1,1,0,0,0,1,0
510,1,0,0,0,0,0,0,1,0,0,1,0,0,0,1,1,0,0,0,0,1
511,1,0,0,0,0,0,0,1,0,0,1,0,0,0,1,1,0,0,1,0,0
512,1,0,0,0,0,0,0,1,0,0,0,1,1,0,0,0,0,1,0,1,0
513,1,0,0,0,0,0,0,1,0,0,0,1,1,0,0,0,0,1,0,0,1
514,1,0,0,0,0,0,0,1,0,0,0,1,1,0,0,0,0,1,1,0,0
515,1,0,0,0,0,0,0,1,0,0,0,1,1,0,0,0,1,0,0,1,0
516,1,0,0,0,0,0,0,1,0,0,0,1,1,0,0,0,1,0,0,0,1
517,1,0,0,0,0,0,0,1,0,0,0,1,1,0,0,0,1,0,1,0,0
518,1,0,0,0,0,0,0,1,0,0,0,1,1,0,0,1,0,0,0,1,0
519,1,0,0,0,0,0,0,1,0,0,0,1,1,0,0,1,0,0,0,0,1
520,1,0,0,0,0,0,0,1,0,0,0,1,1,0,0,1,0,0,1,0,0
521,1,0,0,0,0,0,0,1,0,0,0,1,0,1,0,0,0,1,0,1,0
522,1,0,0,0,0,0,0,1,0,0,0,1,0,1,0,0,0,1,0,0,1
523,1,0,0,0,0,0,0,1,0,0,0,1,0,1,0,0,0,1,1,0,0
524,1,0,0,0,0,0,0,1,0,0,0,1,0,1,0,0,1,0,0,1,0
525,1,0,0,0,0,0,0,1,0,0,0,1,0,1,0,0,1,0,0,0,1
526,1,0,0,0,0,0,0,1,0,0,0,1,0,1,0,0,1,0,1,0,0
527,1,0,0,0,0,0,0,1,0,0,0,1,0,1,0,1,0,0,0,1,0
528,1,0,0,0,0,0,0,1,0,0,0,1,0,1,0,1,0,0,0,0,1
529,1,0,0,0,0,0,0,1,0,0,0,1,0,1,0,1,0,0,1,0,0
530,1,0,0,0,0,0,0,1,0,0,0,1,0,0,1,0,0,1,0,1,0
531,1,0,0,0,0,0,0,1,0,0,0,1,0,0,1,0,0,1,0,0,1
532,1,0,0,0,0,0,0,1,0,0,0,1,0,0,1,0,0,1,1,0,0
533,1,0,0,0,0,0,0,1,0,0,0,1,0,0,1,0,1,0,0,1,0
534,1,0,0,0,0,0,0,1,0,0,0,1,0,0,1,0,1,0,0,0,1
535,1,0,0,0,0,0,0,1,0,0,0,1,0,0,1,0,1,0,1,0,0
536,1,0,0,0,0,0,0,1,0,0,0,1,0,0,1,1,0,0,0,1,0
537,1,0,0,0,0,0,0,1,0,0,0,1,0,0,1,1,0,0,0,0,1
538,1,0,0,0,0,0,0,1,0,0,0,1,0,0,1,1,0,0,1,0,0
539,1,0,0,0,1,0,0,0,1,0,0,0,1,0,0,0,0,1,0,1,0
540,1,0,0,0,1,0,0,0,1,0,0,0,1,0,0,0,0,1,0,0,1
541,1,0,0,0,1,0,0,0,1,0,0,0,1,0,0,0,0,1,1,0,0
542,1,0,0,0,1,0,0,0,1,0,0,0,1,0,0,0,1,0,0,1,0
543,1,0,0,0,1,0,0,0,1,0,0,0,1,0,0,0,1,0,0,0,1
544,1,0,0,0,1,0,0,0,1,0,0,0,1,0,0,0,1,0,1,0,0
545,1,0,0,0,1,0,0,0,1,0,0,0,1,0,0,1,0,0,0,1,0
546,1,0,0,0,1,0,0,0,1,0,0,0,1,0,0,1,0,0,0,0,1
547,1,0,0,0,1,0,0,0,1,0,0,0,1,0,0,1,0,0,1,0,0
548,1,0,0,0,1,0,0,0,1,0,0,0,0,1,0,0,0,1,0,1,0
549,1,0,0,0,1,0,0,0,1,0,0,0,0,1,0,0,0,1,0,0,1
550,1,0,0,0,1,0,0,0,1,0,0,0,0,1,0,0,0,1,1,0,0
551,1,0,0,0,1,0,0,0,1,0,0,0,0,1,0,0,1,0,0,1,0
552,1,0,0,0,1,0,0,0,1,0,0,0,0,1,0,0,1,0,0,0,1
553,1,0,0,0,1,0,0,0,1,0,0,0,0,1,0,0,1,0,1,0,0
554,1,0,0,0,1,0,0,0,1,0,0,0,0,1,0,1,0,0,0,1,0
555,1,0,0,0,1,0,0,0,1,0,0,0,0,1,0,1,0,0,0,0,1
556,1,0,0,0,1,0,0,0,1,0,0,0,0,1,0,1,0,0,1,0,0
557,1,0,0,0,1,0,0,0,1,0,0,0,0,0,1,0,0,1,0,1,0
558,1,0,0,0,1,0,0,0,1,0,0,0,0,0,1,0,0,1,0,0,1
559,1,0,0,0,1,0,0,0,1,0,0,0,0,0,1,0,0,1,1,0,0
560,1,0,0,0,1,0,0,0,1,0,0,0,0,0,1,0,1,0,0,1,0
561,1,0,0,0,1,0,0,0,1,0,0,0,0,0,1,0,1,0,0,0,1
562,1,0,0,0,1,0,0,0,1,0,0,0,0,0,1,0,1,0,1,0,0
563,1,0,0,0,1,0,0,0,1,0,0,0,0,0,1,1,0,0,0,1,0
564,1,0,0,0,1,0,0,0,1,0,0,0,0,0,1,1,0,0,0,0,1
565,1,0,0,0,1,0,0,0,1,0,0,0,0,0,1,1,0,0,1,0,0
566,1,0,0,0,1,0,0,0,0,1,0,0,1,0,0,0,0,1,0,1,0
567,1,0,0,0,1,0,0,0,0,1,0,0,1,0,0,0,0,1,0,0,1
568,1,0,0,0,1,0,0,0,0,1,0,0,1,0,0,0,0,1,1,0,0
569,1,0,0,0,1,0,0,0,0,1,0,0,1,0,0,0,1,0,0,1,0
570,1,0,0,0,1,0,0,0,0,1,0,0,1,0,0,0,1,0,0,0,1
571,1,0,0,0,1,0,0,0,0,1,0,0,1,0,0,0,1,0,1,0,0
572,1,0,0,0,1,0,0,0,0,1,0,0,1,0,0,1,0,0,0,1,0
573,1,0,0,0,1,0,0,0,0,1,0,0,1,0,0,1,0,0,0,0,1
574,1,0,0,0,1,0,0,0,0,1,0,0,1,0,0,1,0,0,1,0,0
575,1,0,0,0,1,0,0,0,0,1,0,0,0,1,0,0,0,1,0,1,0
576,1,0,0,0,1,0,0,0,0,1,0,0,0,1,0,0,0,1,0,0,1
577,1,0,0,0,1,0,0,0,0,1,0,0,0,1,0,0,0,1,1,0,0
578,1,0,0,0,1,0,0,0,0,1,0,0,0,1,0,0,1,0,0,1,0
579,1,0,0,0,1,0,0,0,0,1,0,0,0,1,0,0,1,0,0,0,1
580,1,0,0,0,1,0,0,0,0,1,0,0,0,1,0,0,1,0,1,0,0
581,1,0,0,0,1,0,0,0,0,1,0,0,0,1,0,1,0,0,0,1,0
582,1,0,0,0,1,0,0,0,0,1,0,0,0,1,0,1,0,0,0,0,1
583,1,0,0,0,1,0,0,0,0,1,0,0,0,1,0,1,0,0,1,0,0
584,1,0,0,0,1,0,0,0,0,1,0,0,0,0,1,0,0,1,0,1,0
585,1,0,0,0,1,0,0,0,0,1,0,0,0,0,1,0,0,1,0,0,1
586,1,0,0,0,1,0,0,0,0,1,0,0,0,0,1,0,0,1,1,0,0
587,1,0,0,0,1,0,0,0,0,1,0,0,0,0,1,0,1,0,0,1,0
588,1,0,0,0,1,0,0,0,0,1,0,0,0,0,1,0,1,0,0,0,1
589,1,0,0,0,1,0,0,0,0,1,0,0,0,0,1,0,1,0,1,0,0
590,1,0,0,0,1,0,0,0,0,1,0,0,0,0,1,1,0,0,0,1,0
591,1,0,0,0,1,0,0,0,0,1,0,0,0,0,1,1,0,0,0,0,1
592,1,0,0,0,1,0,0,0,0,1,0,0,0,0,1,1,0,0,1,0,0
593,1,0,0,0,1,0,0,0,0,0,1,0,1,0,0,0,0,1,0,1,0
594,1,0,0,0,1,0,0,0,0,0,1,0,1,0,0,0,0,1,0,0,1
595,1,0,0,0,1,0,0,0,0,0,1,0,1,0,0,0,0,1,1,0,0
596,1,0,0,0,1,0,0,0,0,0,1,0,1,0,0,0,1,0,0,1,0
597,1,0,0,0,1,0,0,0,0,0,1,0,1,0,0,0,1,0,0,0,1
598,1,0,0,0,1,0,0,0,0,0,1,0,1,0,0,0,1,0,1,0,0
599,1,0,0,0,1,0,0,0,0,0,1,0,1,0,0,1,0,0,0,1,0
600,1,0,0,0,1,0,0,0,0,0,1,0,1,0,0,1,0,0,0,0,1
601,1,0,0,0,1,0,0,0,0,0,1,0,1,0,0,1,0,0,1,0,0
602,1,0,0,0,1,0,0,0,0,0,1,0,0,1,0,0,0,1,0,1,0
603,1,0,0,0,1,0,0,0,0,0,1,0,0,1,0,0,0,1,0,0,1
604,1,0,0,0,1,0,0,0,0,0,1,0,0,1,0,0,0,1,1,0,0
605,1,0,0,0,1,0,0,0,0,0,1,0,0,1,0,0,1,0,0,1,0
606,1,0,0,0,1,0,0,0,0,0,1,0,0,1,0,0,1,0,0,0,1
607,1,0,0,0,1,0,0,0,0,0,1,0,0,1,0,0,1,0,1,0,0
608,1,0,0,0,1,0,0,0,0,0,1,0,0,1,0,1,0,0,0,1,0
609,1,0,0,0,1,0,0,0,0,0,1,0,0,1,0,1,0,0,0,0,1
610,1,0,0,0,1,0,0,0,0,0,1,0,0,1,0,1,0,0,1,0,0
611,1,0,0,0,1,0,0,0,0,0,1,0,0,0,1,0,0,1,0,1,0
612,1,0,0,0,1,0,0,0,0,0,1,0,0,0,1,0,0,1,0,0,1
613,1,0,0,0,1,0,0,0,0,0,1,0,0,0,1,0,0,1,1,0,0
614,1,0,0,0,1,0,0,0,0,0,1,0,0,0,1,0,1,0,0,1,0
615,1,0,0,0,1,0,0,0,0,0,1,0,0,0,1,0,1,0,0,0,1
616,1,0,0,0,1,0,0,0,0,0,1,0,0,0,1,0,1,0,1,0,0
617,1,0,0,0,1,0,0,0,0,0,1,0,0,0,1,1,0,0,0,1,0
618,1,0,0,0,1,0,0,0,0,0,1,0,0,0,1,1,0,0,0,0,1
619,1,0,0,0,1,0,0,0,0,0,1,0,0,0,1,1,0,0,1,0,0
620,1,0,0,0,1,0,0,0,0,0,0,1,1,0,0,0,0,1,0,1,0
621,1,0,0,0,1,0,0,0,0,0,0,1,1,0,0,0,0,1,0,0,1
622,1,0,0,0,1,0,0,0,0,0,0,1,1,0,0,0,0,1,1,0,0
623,1,0,0,0,1,0,0,0,0,0,0,1,1,0,0,0,1,0,0,1,0
624,1,0,0,0,1,0,0,0,0,0,0,1,1,0,0,0,1,0,0,0,1
625,1,0,0,0,1,0,0,0,0,0,0,1,1,0,0,0,1,0,1,0,0
626,1,0,0,0,1,0,0,0,0,0,0,1,1,0,0,1,0,0,0,1,0
627,1,0,0,0,1,0,0,0,0,0,0,1,1,0,0,1,0,0,0,0,1
628,1,0,0,0,1,0,0,0,0,0,0,1,1,0,0,1,0,0,1,0,0
629,1,0,0,0,1,0,0,0,0,0,0,1,0,1,0,0,0,1,0,1,0
630,1,0,0,0,1,0,0,0,0,0,0,1,0,1,0,0,0,1,0,0,1
631,1,0,0,0,1,0,0,0,0,0,0,1,0,1,0,0,0,1,1,0,0
632,1,0,0,0,1,0,0,0,0,0,0,1,0,1,0,0,1,0,0,1,0
633,1,0,0,0,1,0,0,0,0,0,0,1,0,1,0,0,1,0,0,0,1
634,1,0,0,0,1,0,0,0,0,0,0,1,0,1,0,0,1,0,1,0,0
635,1,0,0,0,1,0,0,0,0,0,0,1,0,1,0,1,0,0,0,1,0
636,1,0,0,0,1,0,0,0,0,0,0,1,0,1,0,1,0,0,0,0,1
637,1,0,0,0,1,0,0,0,0,0,0,1,0,1,0,1,0,0,1,0,0
638,1,0,0,0,1,0,0,0,0,0,0,1,0,0,1,0,0,1,0,1,0
639,1,0,0,0,1,0,0,0,0,0,0,1,0,0,1,0,0,1,0,0,1
640,1,0,0,0,1,0,0,0,0,0,0,1,0,0,1,0,0,1,1,0,0
641,1,0,0,0,1,0,0,0,0,0,0,1,0,0,1,0,1,0,0,1,0
642,1,0,0,0,1,0,0,0,0,0,0,1,0,0,1,0,1,0,0,0,1
643,1,0,0,0,1,0,0,0,0,0,0,1,0,0,1,0,1,0,1,0,0
644,1,0,0,0,1,0,0,0,0,0,0,1,0,0,1,1,0,0,0,1,0
645,1,0,0,0,1,0,0,0,0,0,0,1,0,0,1,1,0,0,0,0,1
646,1,0,0,0,1,0,0,0,0,0,0,1,0,0,1,1,0,0,1,0,0
647,1,0,0,0,0,0,1,0,1,0,0,0,1,0,0,0,0,1,0,1,0
648,1,0,0,0,0,0,1,0,1,0,0,0,1,0,0,0,0,1,0,0,1
649,1,0,0,0,0,0,1,0,1,0,0,0,1,0,0,0,0,1,1,0,0
650,1,0,0,0,0,0,1,0,1,0,0,0,1,0,0,0,1,0,0,1,0
651,1,0,0,0,0,0,1,0,1,0,0,0,1,0,0,0,1,0,0,0,1
652,1,0,0,0,0,0,1,0,1,0,0,0,1,0,0,0,1,0,1,0,0
653,1,0,0,0,0,0,1,0,1,0,0,0,1,0,0,1,0,0,0,1,0
654,1,0,0,0,0,0,1,0,1,0,0,0,1,0,0,1,0,0,0,0,1
655,1,0,0,0,0,0,1,0,1,0,0,0,1,0,0,1,0,0,1,0,0
656,1,0,0,0,0,0,1,0,1,0,0,0,0,1,0,0,0,1,0,1,0
657,1,0,0,0,0,0,1,0,1,0,0,0,0,1,0,0,0,1,0,0,1
658,1,0,0,0,0,0,1,0,1,0,0,0,0,1,0,0,0,1,1,0,0
659,1,0,0,0,0,0,1,0,1,0,0,0,0,1,0,0,1,0,0,1,0
660,1,0,0,0,0,0,1,0,1,0,0,0,0,1,0,0,1,0,0,0,1
661,1,0,0,0,0,0,1,0,1,0,0,0,0,1,0,0,1,0,1,0,0
662,1,0,0,0,0,0,1,0,1,0,0,0,0,1,0,1,0,0,0,1,0
663,1,0,0,0,0,0,1,0,1,0,0,0,0,1,0,1,0,0,0,0,1
664,1,0,0,0,0,0,1,0,1,0,0,0,0,1,0,1,0,0,1,0,0
665,1,0,0,0,0,0,1,0,1,0,0,0,0,0,1,0,0,1,0,1,0
666,1,0,0,0,0,0,1,0,1,0,0,0,0,0,1,0,0,1,0,0,1
667,1,0,0,0,0,0,1,0,1,0,0,0,0,0,1,0,0,1,1,0,0
668,1,0,0,0,0,0,1,0,1,0,0,0,0,0,1,0,1,0,0,1,0
669,1,0,0,0,0,0,1,0,1,0,0,0,0,0,1,0,1,0,0,0,1
670,1,0,0,0,0,0,1,0,1,0,0,0,0,0,1,0,1,0,1,0,0
671,1,0,0,0,0,0,1,0,1,0,0,0,0,0,1,1,0,0,0,1,0
672,1,0,0,0,0,0,1,0,1,0,0,0,0,0,1,1,0,0,0,0,1
673,1,0,0,0,0,0,1,0,1,0,0,0,0,0,1,1,0,0,1,0,0
674,1,0,0,0,0,0,1,0,0,1,0,0,1,0,0,0,0,1,0,1,0
675,1,0,0,0,0,0,1,0,0,1,0,0,1,0,0,0,0,1,0,0,1
676,1,0,0,0,0,0,1,0,0,1,0,0,1,0,0,0,0,1,1,0,0
677,1,0,0,0,0,0,1,0,0,1,0,0,1,0,0,0,1,0,0,1,0
678,1,0,0,0,0,0,1,0,0,1,0,0,1,0,0,0,1,0,0,0,1
679,1,0,0,0,0,0,1,0,0,1,0,0,1,0,0,0,1,0,1,0,0
680,1,0,0,0,0,0,1,0,0,1,0,0,1,0,0,1,0,0,0,1,0
681,1,0,0,0,0,0,1,0,0,1,0,0,1,0,0,1,0,0,0,0,1
682,1,0,0,0,0,0,1,0,0,1,0,0,1,0,0,1,0,0,1,0,0
683,1,0,0,0,0,0,1,0,0,1,0,0,0,1,0,0,0,1,0,1,0
684,1,0,0,0,0,0,1,0,0,1,0,0,0,1,0,0,0,1,0,0,1
685,1,0,0,0,0,0,1,0,0,1,0,0,0,1,0,0,0,1,1,0,0
686,1,0,0,0,0,0,1,0,0,1,0,0,0,1,0,0,1,0,0,1,0
687,1,0,0,0,0,0,1,0,0,1,0,0,0,1,0,0,1,0,0,0,1
688,1,0,0,0,0,0,1,0,0,1,0,0,0,1,0,0,1,0,1,0,0
689,1,0,0,0,0,0,1,0,0,1,0,0,0,1,0,1,0,0,0,1,0
690,1,0,0,0,0,0,1,0,0,1,0,0,0,1,0,1,0,0,0,0,1
691,1,0,0,0,0,0,1,0,0,1,0,0,0,1,0,1,0,0,1,0,0
692,1,0,0,0,0,0,1,0,0,1,0,0,0,0,1,0,0,1,0,1,0
693,1,0,0,0,0,0,1,0,0,1,0,0,0,0,1,0,0,1,0,0,1
694,1,0,0,0,0,0,1,0,0,1,0,0,0,0,1,0,0,1,1,0,0
695,1,0,0,0,0,0,1,0,0,1,0,0,0,0,1,0,1,0,0,1,0
696,1,0,0,0,0,0,1,0,0,1,0,0,0,0,1,0,1,0,0,0,1
697,1,0,0,0,0,0,1,0,0,1,0,0,0,0,1,0,1,0,1,0,0
698,1,0,0,0,0,0,1,0,0,1,0,0,0,0,1,1,0,0,0,1,0
699,1,0,0,0,0,0,1,0,0,1,0,0,0,0,1,1,0,0,0,0,1
700,1,0,0,0,0,0,1,0,0,1,0,0,0,0,1,1,0,0,1,0,0
701,1,0,0,0,0,0,1,0,0,0,1,0,1,0,0,0,0,1,0,1,0
702,1,0,0,0,0,0,1,0,0,0,1,0,1,0,0,0,0,1,0,0,1
703,1,0,0,0,0,0,1,0,0,0,1,0,1,0,0,0,0,1,1,0,0
704,1,0,0,0,0,0,1,0,0,0,1,0,1,0,0,0,1,0,0,1,0
705,1,0,0,0,0,0,1,0,0,0,1,0,1,0,0,0,1,0,0,0,1
706,1,0,0,0,0,0,1,0,0,0,1,0,1,0,0,0,1,0,1,0,0
707,1,0,0,0,0,0,1,0,0,0,1,0,1,0,0,1,0,0,0,1,0
708,1,0,0,0,0,0,1,0,0,0,1,0,1,0,0,1,0,0,0,0,1
709,1,0,0,0,0,0,1,0,0,0,1,0,1,0,0,1,0,0,1,0,0
710,1,0,0,0,0,0,1,0,0,0,1,0,0,1,0,0,0,1,0,1,0
711,1,0,0,0,0,0,1,0,0,0,1,0,0,1,0,0,0,1,0,0,1
712,1,0,0,0,0,0,1,0,0,0,1,0,0,1,0,0,0,1,1,0,0
713,1,0,0,0,0,0,1,0,0,0,1,0,0,1,0,0,1,0,0,1,0
714,1,0,0,0,0,0,1,0,0,0,1,0,0,1,0,0,1,0,0,0,1
715,1,0,0,0,0,0,1,0,0,0,1,0,0,1,0,0,1,0,1,0,0
716,1,0,0,0,0,0,1,0,0,0,1,0,0,1,0,1,0,0,0,1,0
717,1,0,0,0,0,0,1,0,0,0,1,0,0,1,0,1,0,0,0,0,1
718,1,0,0,0,0,0,1,0,0,0,1,0,0,1,0,1,0,0,1,0,0
719,1,0,0,0,0,0,1,0,0,0,1,0,0,0,1,0,0,1,0,1,0
720,1,0,0,0,0,0,1,0,0,0,1,0,0,0,1,0,0,1,0,0,1
721,1,0,0,0,0,0,1,0,0,0,1,0,0,0,1,0,0,1,1,0,0
722,1,0,0,0,0,0,1,0,0,0,1,0,0,0,1,0,1,0,0,1,0
723,1,0,0,0,0,0,1,0,0,0,1,0,0,0,1,0,1,0,0,0,1
724,1,0,0,0,0,0,1,0,0,0,1,0,0,0,1,0,1,0,1,0,0
725,1,0,0,0,0,0,1,0,0,0,1,0,0,0,1,1,0,0,0,1,0
726,1,0,0,0,0,0,1,0,0,0,1,0,0,0,1,1,0,0,0,0,1
727,1,0,0,0,0,0,1,0,0,0,1,0,0,0,1,1,0,0,1,0,0
728,1,0,0,0,0,0,1,0,0,0,0,1,1,0,0,0,0,1,0,1,0
729,1,0,0,0,0,0,1,0,0,0,0,1,1,0,0,0,0,1,0,0,1
730,1,0,0,0,0,0,1,0,0,0,0,1,1,0,0,0,0,1,1,0,0
731,1,0,0,0,0,0,1,0,0,0,0,1,1,0,0,0,1,0,0,1,0
732,1,0,0,0,0,0,1,0,0,0,0,1,1,0,0,0,1,0,0,0,1
733,1,0,0,0,0,0,1,0,0,0,0,1,1,0,0,0,1,0,1,0,0
734,1,0,0,0,0,0,1,0,0,0,0,1,1,0,0,1,0,0,0,1,0
735,1,0,0,0,0,0,1,0,0,0,0,1,1,0,0,1,0,0,0,0,1
736,1,0,0,0,0,0,1,0,0,0,0,1,1,0,0,1,0,0,1,0,0
737,1,0,0,0,0,0,1,0,0,0,0,1,0,1,0,0,0,1,0,1,0
738,1,0,0,0,0,0,1,0,0,0,0,1,0,1,0,0,0,1,0,0,1
739,1,0,0,0,0,0,1,0,0,0,0,1,0,1,0,0,0,1,1,0,0
740,1,0,0,0,0,0,1,0,0,0,0,1,0,1,0,0,1,0,0,1,0
741,1,0,0,0,0,0,1,0,0,0,0,1,0,1,0,0,1,0,0,0,1
742,1,0,0,0,0,0,1,0,0,0,0,1,0,1,0,0,1,0,1,0,0
743,1,0,0,0,0,0,1,0,0,0,0,1,0,1,0,1,0,0,0,1,0
744,1,0,0,0,0,0,1,0,0,0,0,1,0,1,0,1,0,0,0,0,1
745,1,0,0,0,0,0,1,0,0,0,0,1,0,1,0,1,0,0,1,0,0
746,1,0,0,0,0,0,1,0,0,0,0,1,0,0,1,0,0,1,0,1,0
747,1,0,0,0,0,0,1,0,0,0,0,1,0,0,1,0,0,1,0,0,1
748,1,0,0,0,0,0,1,0,0,0,0,1,0,0,1,0,0,1,1,0,0
749,1,0,0,0,0,0,1,0,0,0,0,1,0,0,1,0,1,0,0,1,0
750,1,0,0,0,0,0,1,0,0,0,0,1,0,0,1,0,1,0,0,0,1
751,1,0,0,0,0,0,1,0,0,0,0,1,0,0,1,0,1,0,1,0,0
752,1,0,0,0,0,0,1,0,0,0,0,1,0,0,1,1,0,0,0,1,0
753,1,0,0,0,0,0,1,0,0,0,0,1,0,0,1,1,0,0,0,0,1
754,1,0,0,0,0,0,1,0,0,0,0,1,0,0,1,1,0,0,1,0,0
755,1,0,0,0,0,1,0,0,1,0,0,0,1,0,0,0,0,1,0,1,0
756,1,0,0,0,0,1,0,0,1,0,0,0,1,0,0,0,0,1,0,0,1
757,1,0,0,0,0,1,0,0,1,0,0,0,1,0,0,0,0,1,1,0,0
758,1,0,0,0,0,1,0,0,1,0,0,0,1,0,0,0,1,0,0,1,0
759,1,0,0,0,0,1,0,0,1,0,0,0,1,0,0,0,1,0,0,0,1
760,1,0,0,0,0,1,0,0,1,0,0,0,1,0,0,0,1,0,1,0,0
761,1,0,0,0,0,1,0,0,1,0,0,0,1,0,0,1,0,0,0,1,0
762,1,0,0,0,0,1,0,0,1,0,0,0,1,0,0,1,0,0,0,0,1
763,1,0,0,0,0,1,0,0,1,0,0,0,1,0,0,1,0,0,1,0,0
764,1,0,0,0,0,1,0,0,1,0,0,0,0,1,0,0,0,1,0,1,0
765,1,0,0,0,0,1,0,0,1,0,0,0,0,1,0,0,0,1,0,0,1
766,1,0,0,0,0,1,0,0,1,0,0,0,0,1,0,0,0,1,1,0,0
767,1,0,0,0,0,1,0,0,1,0,0,0,0,1,0,0,1,0,0,1,0
768,1,0,0,0,0,1,0,0,1,0,0,0,0,1,0,0,1,0,0,0,1
769,1,0,0,0,0,1,0,0,1,0,0,0,0,1,0,0,1,0,1,0,0
770,1,0,0,0,0,1,0,0,1,0,0,0,0,1,0,1,0,0,0,1,0
771,1,0,0,0,0,1,0,0,1,0,0,0,0,1,0,1,0,0,0,0,1
772,1,0,0,0,0,1,0,0,1,0,0,0,0,1,0,1,0,0,1,0,0
773,1,0,0,0,0,1,0,0,1,0,0,0,0,0,1,0,0,1,0,1,0
774,1,0,0,0,0,1,0,0,1,0,0,0,0,0,1,0,0,1,0,0,1
775,1,0,0,0,0,1,0,0,1,0,0,0,0,0,1,0,0,1,1,0,0
776,1,0,0,0,0,1,0,0,1,0,0,0,0,0,1,0,1,0,0,1,0
777,1,0,0,0,0,1,0,0,1,0,0,0,0,0,1,0,1,0,0,0,1
778,1,0,0,0,0,1,0,0,1,0,0,0,0,0,1,0,1,0,1,0,0
779,1,0,0,0,0,1,0,0,1,0,0,0,0,0,1,1,0,0,0,1,0
780,1,0,0,0,0,1,0,0,1,0,0,0,0,0,1,1,0,0,0,0,1
781,1,0,0,0,0,1,0,0,1,0,0,0,0,0,1,1,0,0,1,0,0
782,1,0,0,0,0,1,0,0,0,1,0,0,1,0,0,0,0,1,0,1,0
783,1,0,0,0,0,1,0,0,0,1,0,0,1,0,0,0,0,1,0,0,1
784,1,0,0,0,0,1,0,0,0,1,0,0,1,0,0,0,0,1,1,0,0
785,1,0,0,0,0,1,0,0,0,1,0,0,1,0,0,0,1,0,0,1,0
786,1,0,0,0,0,1,0,0,0,1,0,0,1,0,0,0,1,0,0,0,1
787,1,0,0,0,0,1,0,0,0,1,0,0,1,0,0,0,1,0,1,0,0
788,1,0,0,0,0,1,0,0,0,1,0,0,1,0,0,1,0,0,0,1,0
789,1,0,0,0,0,1,0,0,0,1,0,0,1,0,0,1,0,0,0,0,1
790,1,0,0,0,0,1,0,0,0,1,0,0,1,0,0,1,0,0,1,0,0
791,1,0,0,0,0,1,0,0,0,1,0,0,0,1,0,0,0,1,0,1,0
792,1,0,0,0,0,1,0,0,0,1,0,0,0,1,0,0,0,1,0,0,1
793,1,0,0,0,0,1,0,0,0,1,0,0,0,1,0,0,0,1,1,0,0
794,1,0,0,0,0,1,0,0,0,1,0,0,0,1,0,0,1,0,0,1,0
795,1,0,0,0,0,1,0,0,0,1,0,0,0,1,0,0,1,0,0,0,1
796,1,0,0,0,0,1,0,0,0,1,0,0,0,1,0,0,1,0,1,0,0
797,1,0,0,0,0,1,0,0,0,1,0,0,0,1,0,1,0,0,0,1,0
798,1,0,0,0,0,1,0,0,0,1,0,0,0,1,0,1,0,0,0,0,1
799,1,0,0,0,0,1,0,0,0,1,0,0,0,1,0,1,0,0,1,0,0
800,1,0,0,0,0,1,0,0,0,1,0,0,0,0,1,0,0,1,0,1,0
801,1,0,0,0,0,1,0,0,0,1,0,0,0,0,1,0,0,1,0,0,1
802,1,0,0,0,0,1,0,0,0,1,0,0,0,0,1,0,0,1,1,0,0
803,1,0,0,0,0,1,0,0,0,1,0,0,0,0,1,0,1,0,0,1,0
804,1,0,0,0,0,1,0,0,0,1,0,0,0,0,1,0,1,0,0,0,1
805,1,0,0,0,0,1,0,0,0,1,0,0,0,0,1,0,1,0,1,0,0
806,1,0,0,0,0,1,0,0,0,1,0,0,0,0,1,1,0,0,0,1,0
807,1,0,0,0,0,1,0,0,0,1,0,0,0,0,1,1,0,0,0,0,1
808,1,0,0,0,0,1,0,0,0,1,0,0,0,0,1,1,0,0,1,0,0
809,1,0,0,0,0,1,0,0,0,0,1,0,1,0,0,0,0,1,0,1,0
810,1,0,0,0,0,1,0,0,0,0,1,0,1,0,0,0,0,1,0,0,1
811,1,0,0,0,0,1,0,0,0,0,1,0,1,0,0,0,0,1,1,0,0
812,1,0,0,0,0,1,0,0,0,0,1,0,1,0,0,0,1,0,0,1,0
813,1,0,0,0,0,1,0,0,0,0,1,0,1,0,0,0,1,0,0,0,1
814,1,0,0,0,0,1,0,0,0,0,1,0,1,0,0,0,1,0,1,0,0
815,1,0,0,0,0,1,0,0,0,0,1,0,1,0,0,1,0,0,0,1,0
816,1,0,0,0,0,1,0,0,0,0,1,0,1,0,0,1,0,0,0,0,1
817,1,0,0,0,0,1,0,0,0,0,1,0,1,0,0,1,0,0,1,0,0
818,1,0,0,0,0,1,0,0,0,0,1,0,0,1,0,0,0,1,0,1,0
819,1,0,0,0,0,1,0,0,0,0,1,0,0,1,0,0,0,1,0,0,1
820,1,0,0,0,0,1,0,0,0,0,1,0,0,1,0,0,0,1,1,0,0
821,1,0,0,0,0,1,0,0,0,0,1,0,0,1,0,0,1,0,0,1,0
822,1,0,0,0,0,1,0,0,0,0,1,0,0,1,0,0,1,0,0,0,1
823,1,0,0,0,0,1,0,0,0,0,1,0,0,1,0,0,1,0,1,0,0
824,1,0,0,0,0,1,0,0,0,0,1,0,0,1,0,1,0,0,0,1,0
825,1,0,0,0,0,1,0,0,0,0,1,0,0,1,0,1,0,0,0,0,1
826,1,0,0,0,0,1,0,0,0,0,1,0,0,1,0,1,0,0,1,0,0
827,1,0,0,0,0,1,0,0,0,0,1,0,0,0,1,0,0,1,0,1,0
828,1,0,0,0,0,1,0,0,0,0,1,0,0,0,1,0,0,1,0,0,1
829,1,0,0,0,0,1,0,0,0,0,1,0,0,0,1,0,0,1,1,0,0
830,1,0,0,0,0,1,0,0,0,0,1,0,0,0,1,0,1,0,0,1,0
831,1,0,0,0,0,1,0,0,0,0,1,0,0,0,1,0,1,0,0,0,1
832,1,0,0,0,0,1,0,0,0,0,1,0,0,0,1,0,1,0,1,0,0
833,1,0,0,0,0,1,0,0,0,0,1,0,0,0,1,1,0,0,0,1,0
834,1,0,0,0,0,1,0,0,0,0,1,0,0,0,1,1,0,0,0,0,1
835,1,0,0,0,0,1,0,0,0,0,1,0,0,0,1,1,0,0,1,0,0
836,1,0,0,0,0,1,0,0,0,0,0,1,1,0,0,0,0,1,0,1,0
837,1,0,0,0,0,1,0,0,0,0,0,1,1,0,0,0,0,1,0,0,1
838,1,0,0,0,0,1,0,0,0,0,0,1,1,0,0,0,0,1,1,0,0
839,1,0,0,0,0,1,0,0,0,0,0,1,1,0,0,0,1,0,0,1,0
840,1,0,0,0,0,1,0,0,0,0,0,1,1,0,0,0,1,0,0,0,1
841,1,0,0,0,0,1,0,0,0,0,0,1,1,0,0,0,1,0,1,0,0
842,1,0,0,0,0,1,0,0,0,0,0,1,1,0,0,1,0,0,0,1,0
843,1,0,0,0,0,1,0,0,0,0,0,1,1,0,0,1,0,0,0,0,1
844,1,0,0,0,0,1,0,0,0,0,0,1,1,0,0,1,0,0,1,0,0
845,1,0,0,0,0,1,0,0,0,0,0,1,0,1,0,0,0,1,0,1,0
846,1,0,0,0,0,1,0,0,0,0,0,1,0,1,0,0,0,1,0,0,1
847,1,0,0,0,0,1,0,0,0,0,0,1,0,1,0,0,0,1,1,0,0
848,1,0,0,0,0,1,0,0,0,0,0,1,0,1,0,0,1,0,0,1,0
849,1,0,0,0,0,1,0,0,0,0,0,1,0,1,0,0,1,0,0,0,1
850,1,0,0,0,0,1,0,0,0,0,0,1,0,1,0,0,1,0,1,0,0
851,1,0,0,0,0,1,0,0,0,0,0,1,0,1,0,1,0,0,0,1,0
852,1,0,0,0,0,1,0,0,0,0,0,1,0,1,0,1,0,0,0,0,1
853,1,0,0,0,0,1,0,0,0,0,0,1,0,1,0,1,0,0,1,0,0
854,1,0,0,0,0,1,0,0,0,0,0,1,0,0,1,0,0,1,0,1,0
855,1,0,0,0,0,1,0,0,0,0,0,1,0,0,1,0,0,1,0,0,1
856,1,0,0,0,0,1,0,0,0,0,0,1,0,0,1,0,0,1,1,0,0
857,1,0,0,0,0,1,0,0,0,0,0,1,0,0,1,0,1,0,0,1,0
858,1,0,0,0,0,1,0,0,0,0,0,1,0,0,1,0,1,0,0,0,1
859,1,0,0,0,0,1,0,0,0,0,0,1,0,0,1,0,1,0,1,0,0
860,1,0,0,0,0,1,0,0,0,0,0,1,0,0,1,1,0,0,0,1,0
861,1,0,0,0,0,1,0,0,0,0,0,1,0,0,1,1,0,0,0,0,1
862,1,0,0,0,0,1,0,0,0,0,0,1,0,0,1,1,0,0,1,0,0
863,0,0,1,0,0,0,0,1,1,0,0,0,1,0,0,0,0,1,0,1,0
864,0,0,1,0,0,0,0,1,1,0,0,0,1,0,0,0,0,1,0,0,1
865,0,0,1,0,0,0,0,1,1,0,0,0,1,0,0,0,0,1,1,0,0
866,0,0,1,0,0,0,0,1,1,0,0,0,1,0,0,0,1,0,0,1,0
867,0,0,1,0,0,0,0,1,1,0,0,0,1,0,0,0,1,0,0,0,1
868,0,0,1,0,0,0,0,1,1,0,0,0,1,0,0,0,1,0,1,0,0
869,0,0,1,0,0,0,0,1,1,0,0,0,1,0,0,1,0,0,0,1,0
870,0,0,1,0,0,0,0,1,1,0,0,0,1,0,0,1,0,0,0,0,1
871,0,0,1,0,0,0,0,1,1,0,0,0,1,0,0,1,0,0,1,0,0
872,0,0,1,0,0,0,0,1,1,0,0,0,0,1,0,0,0,1,0,1,0
873,0,0,1,0,0,0,0,1,1,0,0,0,0,1,0,0,0,1,0,0,1
874,0,0,1,0,0,0,0,1,1,0,0,0,0,1,0,0,0,1,1,0,0
875,0,0,1,0,0,0,0,1,1,0,0,0,0,1,0,0,1,0,0,1,0
876,0,0,1,0,0,0,0,1,1,0,0,0,0,1,0,0,1,0,0,0,1
877,0,0,1,0,0,0,0,1,1,0,0,0,0,1,0,0,1,0,1,0,0
878,0,0,1,0,0,0,0,1,1,0,0,0,0,1,0,1,0,0,0,1,0
879,0,0,1,0,0,0,0,1,1,0,0,0,0,1,0,1,0,0,0,0,1
880,0,0,1,0,0,0,0,1,1,0,0,0,0,1,0,1,0,0,1,0,0
881,0,0,1,0,0,0,0,1,1,0,0,0,0,0,1,0,0,1,0,1,0
882,0,0,1,0,0,0,0,1,1,0,0,0,0,0,1,0,0,1,0,0,1
883,0,0,1,0,0,0,0,1,1,0,0,0,0,0,1,0,0,1,1,0,0
884,0,0,1,0,0,0,0,1,1,0,0,0,0,0,1,0,1,0,0,1,0
885,0,0,1,0,0,0,0,1,1,0,0,0,0,0,1,0,1,0,0,0,1
886,0,0,1,0,0,0,0,1,1,0,0,0,0,0,1,0,1,0,1,0,0
887,0,0,1,0,0,0,0,1,1,0,0,0,0,0,1,1,0,0,0,1,0
888,0,0,1,0,0,0,0,1,1,0,0,0,0,0,1,1,0,0,0,0,1
889,0,0,1,0,0,0,0,1,1,0,0,0,0,0,1,1,0,0,1,0,0
890,0,0,1,0,0,0,0,1,0,1,0,0,1,0,0,0,0,1,0,1,0
891,0,0,1,0,0,0,0,1,0,1,0,0,1,0,0,0,0,1,0,0,1
892,0,0,1,0,0,0,0,1,0,1,0,0,1,0,0,0,0,1,1,0,0
893,0,0,1,0,0,0,0,1,0,1,0,0,1,0,0,0,1,0,0,1,0
894,0,0,1,0,0,0,0,1,0,1,0,0,1,0,0,0,1,0,0,0,1
895,0,0,1,0,0,0,0,1,0,1,0,0,1,0,0,0,1,0,1,0,0
896,0,0,1,0,0,0,0,1,0,1,0,0,1,0,0,1,0,0,0,1,0
897,0,0,1,0,0,0,0,1,0,1,0,0,1,0,0,1,0,0,0,0,1
898,0,0,1,0,0,0,0,1,0,1,0,0,1,0,0,1,0,0,1,0,0
899,0,0,1,0,0,0,0,1,0,1,0,0,0,1,0,0,0,1,0,1,0
900,0,0,1,0,0,0,0,1,0,1,0,0,0,1,0,0,0,1,0,0,1
901,0,0,1,0,0,0,0,1,0,1,0,0,0,1,0,0,0,1,1,0,0
902,0,0,1,0,0,0,0,1,0,1,0,0,0,1,0,0,1,0,0,1,0
903,0,0,1,0,0,0,0,1,0,1,0,0,0,1,0,0,1,0,0,0,1
904,0,0,1,0,0,0,0,1,0,1,0,0,0,1,0,0,1,0,1,0,0
905,0,0,1,0,0,0,0,1,0,1,0,0,0,1,0,1,0,0,0,1,0
906,0,0,1,0,0,0,0,1,0,1,0,0,0,1,0,1,0,0,0,0,1
907,0,0,1,0,0,0,0,1,0,1,0,0,0,1,0,1,0,0,1,0,0
908,0,0,1,0,0,0,0,1,0,1,0,0,0,0,1,0,0,1,0,1,0
909,0,0,1,0,0,0,0,1,0,1,0,0,0,0,1,0,0,1,0,0,1
910,0,0,1,0,0,0,0,1,0,1,0,0,0,0,1,0,0,1,1,0,0
911,0,0,1,0,0,0,0,1,0,1,0,0,0,0,1,0,1,0,0,1,0
912,0,0,1,0,0,0,0,1,0,1,0,0,0,0,1,0,1,0,0,0,1
913,0,0,1,0,0,0,0,1,0,1,0,0,0,0,1,0,1,0,1,0,0
914,0,0,1,0,0,0,0,1,0,1,0,0,0,0,1,1,0,0,0,1,0
915,0,0,1,0,0,0,0,1,0,1,0,0,0,0,1,1,0,0,0,0,1
916,0,0,1,0,0,0,0,1,0,1,0,0,0,0,1,1,0,0,1,0,0
917,0,0,1,0,0,0,0,1,0,0,1,0,1,0,0,0,0,1,0,1,0
918,0,0,1,0,0,0,0,1,0,0,1,0,1,0,0,0,0,1,0,0,1
919,0,0,1,0,0,0,0,1,0,0,1,0,1,0,0,0,0,1,1,0,0
920,0,0,1,0,0,0,0,1,0,0,1,0,1,0,0,0,1,0,0,1,0
921,0,0,1,0,0,0,0,1,0,0,1,0,1,0,0,0,1,0,0,0,1
922,0,0,1,0,0,0,0,1,0,0,1,0,1,0,0,0,1,0,1,0,0
923,0,0,1,0,0,0,0,1,0,0,1,0,1,0,0,1,0,0,0,1,0
924,0,0,1,0,0,0,0,1,0,0,1,0,1,0,0,1,0,0,0,0,1
925,0,0,1,0,0,0,0,1,0,0,1,0,1,0,0,1,0,0,1,0,0
926,0,0,1,0,0,0,0,1,0,0,1,0,0,1,0,0,0,1,0,1,0
927,0,0,1,0,0,0,0,1,0,0,1,0,0,1,0,0,0,1,0,0,1
928,0,0,1,0,0,0,0,1,0,0,1,0,0,1,0,0,0,1,1,0,0
929,0,0,1,0,0,0,0,1,0,0,1,0,0,1,0,0,1,0,0,1,0
930,0,0,1,0,0,0,0,1,0,0,1,0,0,1,0,0,1,0,0,0,1
931,0,0,1,0,0,0,0,1,0,0,1,0,0,1,0,0,1,0,1,0,0
932,0,0,1,0,0,0,0,1,0,0,1,0,0,1,0,1,0,0,0,1,0
933,0,0,1,0,0,0,0,1,0,0,1,0,0,1,0,1,0,0,0,0,1
934,0,0,1,0,0,0,0,1,0,0,1,0,0,1,0,1,0,0,1,0,0
935,0,0,1,0,0,0,0,1,0,0,1,0,0,0,1,0,0,1,0,1,0
936,0,0,1,0,0,0,0,1,0,0,1,0,0,0,1,0,0,1,0,0,1
937,0,0,1,0,0,0,0,1,0,0,1,0,0,0,1,0,0,1,1,0,0
938,0,0,1,0,0,0,0,1,0,0,1,0,0,0,1,0,1,0,0,1,0
939,0,0,1,0,0,0,0,1,0,0,1,0,0,0,1,0,1,0,0,0,1
940,0,0,1,0,0,0,0,1,0,0,1,0,0,0,1,0,1,0,1,0,0
941,0,0,1,0,0,0,0,1,0,0,1,0,0,0,1,1,0,0,0,1,0
942,0,0,1,0,0,0,0,1,0,0,1,0,0,0,1,1,0,0,0,0,1
943,0,0,1,0,0,0,0,1,0,0,1,0,0,0,1,1,0,0,1,0,0
944,0,0,1,0,0,0,0,1,0,0,0,1,1,0,0,0,0,1,0,1,0
945,0,0,1,0,0,0,0,1,0,0,0,1,1,0,0,0,0,1,0,0,1
946,0,0,1,0,0,0,0,1,0,0,0,1,1,0,0,0,0,1,1,0,0
947,0,0,1,0,0,0,0,1,0,0,0,1,1,0,0,0,1,0,0,1,0
948,0,0,1,0,0,0,0,1,0,0,0,1,1,0,0,0,1,0,0,0,1
949,0,0,1,0,0,0,0,1,0,0,0,1,1,0,0,0,1,0,1,0,0
950,0,0,1,0,0,0,0,1,0,0,0,1,1,0,0,1,0,0,0,1,0
951,0,0,1,0,0,0,0,1,0,0,0,1,1,0,0,1,0,0,0,0,1
952,0,0,1,0,0,0,0,1,0,0,0,1,1,0,0,1,0,0,1,0,0
953,0,0,1,0,0,0,0,1,0,0,0,1,0,1,0,0,0,1,0,1,0
954,0,0,1,0,0,0,0,1,0,0,0,1,0,1,0,0,0,1,0,0,1
955,0,0,1,0,0,0,0,1,0,0,0,1,0,1,0,0,0,1,1,0,0
956,0,0,1,0,0,0,0,1,0,0,0,1,0,1,0,0,1,0,0,1,0
957,0,0,1,0,0,0,0,1,0,0,0,1,0,1,0,0,1,0,0,0,1
958,0,0,1,0,0,0,0,1,0,0,0,1,0,1,0,0,1,0,1,0,0
959,0,0,1,0,0,0,0,1,0,0,0,1,0,1,0,1,0,0,0,1,0
960,0,0,1,0,0,0,0,1,0,0,0,1,0,1,0,1,0,0,0,0,1
961,0,0,1,0,0,0,0,1,0,0,0,1,0,1,0,1,0,0,1,0,0
962,0,0,1,0,0,0,0,1,0,0,0,1,0,0,1,0,0,1,0,1,0
963,0,0,1,0,0,0,0,1,0,0,0,1,0,0,1,0,0,1,0,0,1
964,0,0,1,0,0,0,0,1,0,0,0,1,0,0,1,0,0,1,1,0,0
965,0,0,1,0,0,0,0,1,0,0,0,1,0,0,1,0,1,0,0,1,0
966,0,0,1,0,0,0,0,1,0,0,0,1,0,0,1,0,1,0,0,0,1
967,0,0,1,0,0,0,0,1,0,0,0,1,0,0,1,0,1,0,1,0,0
968,0,0,1,0,0,0,0,1,0,0,0,1,0,0,1,1,0,0,0,1,0
969,0,0,1,0,0,0,0,1,0,0,0,1,0,0,1,1,0,0,0,0,1
970,0,0,1,0,0,0,0,1,0,0,0,1,0,0,1,1,0,0,1,0,0
971,0,0,1,0,1,0,0,0,1,0,0,0,1,0,0,0,0,1,0,1,0
972,0,0,1,0,1,0,0,0,1,0,0,0,1,0,0,0,0,1,0,0,1
973,0,0,1,0,1,0,0,0,1,0,0,0,1,0,0,0,0,1,1,0,0
974,0,0,1,0,1,0,0,0,1,0,0,0,1,0,0,0,1,0,0,1,0
975,0,0,1,0,1,0,0,0,1,0,0,0,1,0,0,0,1,0,0,0,1
976,0,0,1,0,1,0,0,0,1,0,0,0,1,0,0,0,1,0,1,0,0
977,0,0,1,0,1,0,0,0,1,0,0,0,1,0,0,1,0,0,0,1,0
978,0,0,1,0,1,0,0,0,1,0,0,0,1,0,0,1,0,0,0,0,1
979,0,0,1,0,1,0,0,0,1,0,0,0,1,0,0,1,0,0,1,0,0
980,0,0,1,0,1,0,0,0,1,0,0,0,0,1,0,0,0,1,0,1,0
981,0,0,1,0,1,0,0,0,1,0,0,0,0,1,0,0,0,1,0,0,1
982,0,0,1,0,1,0,0,0,1,0,0,0,0,1,0,0,0,1,1,0,0
983,0,0,1,0,1,0,0,0,1,0,0,0,0,1,0,0,1,0,0,1,0
984,0,0,1,0,1,0,0,0,1,0,0,0,0,1,0,0,1,0,0,0,1
985,0,0,1,0,1,0,0,0,1,0,0,0,0,1,0,0,1,0,1,0,0
986,0,0,1,0,1,0,0,0,1,0,0,0,0,1,0,1,0,0,0,1,0
987,0,0,1,0,1,0,0,0,1,0,0,0,0,1,0,1,0,0,0,0,1
988,0,0,1,0,1,0,0,0,1,0,0,0,0,1,0,1,0,0,1,0,0
989,0,0,1,0,1,0,0,0,1,0,0,0,0,0,1,0,0,1,0,1,0
990,0,0,1,0,1,0,0,0,1,0,0,0,0,0,1,0,0,1,0,0,1
991,0,0,1,0,1,0,0,0,1,0,0,0,0,0,1,0,0,1,1,0,0
992,0,0,1,0,1,0,0,0,1,0,0,0,0,0,1,0,1,0,0,1,0
993,0,0,1,0,1,0,0,0,1,0,0,0,0,0,1,0,1,0,0,0,1
994,0,0,1,0,1,0,0,0,1,0,0,0,0,0,1,0,1,0,1,0,0
995,0,0,1,0,1,0,0,0,1,0,0,0,0,0,1,1,0,0,0,1,0
996,0,0,1,0,1,0,0,0,1,0,0,0,0,0,1,1,0,0,0,0,1
997,0,0,1,0,1,0,0,0,1,0,0,0,0,0,1,1,0,0,1,0,0
998,0,0,1,0,1,0,0,0,0,1,0,0,1,0,0,0,0,1,0,1,0
999,0,0,1,0,1,0,0,0,0,1,0,0,1,0,0,0,0,1,0,0,1
1000,0,0,1,0,1,0,0,0,0,1,0,0,1,0,0,0,0,1,1,0,0
1001,0,0,1,0,1,0,0,0,0,1,0,0,1,0,0,0,1,0,0,1,0
1002,0,0,1,0,1,0,0,0,0,1,0,0,1,0,0,0,1,0,0,0,1
1003,0,0,1,0,1,0,0,0,0,1,0,0,1,0,0,0,1,0,1,0,0
1004,0,0,1,0,1,0,0,0,0,1,0,0,1,0,0,1,0,0,0,1,0
1005,0,0,1,0,1,0,0,0,0,1,0,0,1,0,0,1,0,0,0,0,1
1006,0,0,1,0,1,0,0,0,0,1,0,0,1,0,0,1,0,0,1,0,0
1007,0,0,1,0,1,0,0,0,0,1,0,0,0,1,0,0,0,1,0,1,0
1008,0,0,1,0,1,0,0,0,0,1,0,0,0,1,0,0,0,1,0,0,1
1009,0,0,1,0,1,0,0,0,0,1,0,0,0,1,0,0,0,1,1,0,0
1010,0,0,1,0,1,0,0,0,0,1,0,0,0,1,0,0,1,0,0,1,0
1011,0,0,1,0,1,0,0,0,0,1,0,0,0,1,0,0,1,0,0,0,1
1012,0,0,1,0,1,0,0,0,0,1,0,0,0,1,0,0,1,0,1,0,0
1013,0,0,1,0,1,0,0,0,0,1,0,0,0,1,0,1,0,0,0,1,0
1014,0,0,1,0,1,0,0,0,0,1,0,0,0,1,0,1,0,0,0,0,1
1015,0,0,1,0,1,0,0,0,0,1,0,0,0,1,0,1,0,0,1,0,0
1016,0,0,1,0,1,0,0,0,0,1,0,0,0,0,1,0,0,1,0,1,0
1017,0,0,1,0,1,0,0,0,0,1,0,0,0,0,1,0,0,1,0,0,1
1018,0,0,1,0,1,0,0,0,0,1,0,0,0,0,1,0,0,1,1,0,0
1019,0,0,1,0,1,0,0,0,0,1,0,0,0,0,1,0,1,0,0,1,0
1020,0,0,1,0,1,0,0,0,0,1,0,0,0,0,1,0,1,0,0,0,1
1021,0,0,1,0,1,0,0,0,0,1,0,0,0,0,1,0,1,0,1,0,0
1022,0,0,1,0,1,0,0,0,0,1,0,0,0,0,1,1,0,0,0,1,0
1023,0,0,1,0,1,0,0,0,0,1,0,0,0,0,1,1,0,0,0,0,1
1024,0,0,1,0,1,0,0,0,0,1,0,0,0,0,1,1,0,0,1,0,0
1025,0,0,1,0,1,0,0,0,0,0,1,0,1,0,0,0,0,1,0,1,0
1026,0,0,1,0,1,0,0,0,0,0,1,0,1,0,0,0,0,1,0,0,1
1027,0,0,1,0,1,0,0,0,0,0,1,0,1,0,0,0,0,1,1,0,0
1028,0,0,1,0,1,0,0,0,0,0,1,0,1,0,0,0,1,0,0,1,0
1029,0,0,1,0,1,0,0,0,0,0,1,0,1,0,0,0,1,0,0,0,1
1030,0,0,1,0,1,0,0,0,0,0,1,0,1,0,0,0,1,0,1,0,0
1031,0,0,1,0,1,0,0,0,0,0,1,0,1,0,0,1,0,0,0,1,0
1032,0,0,1,0,1,0,0,0,0,0,1,0,1,0,0,1,0,0,0,0,1
1033,0,0,1,0,1,0,0,0,0,0,1,0,1,0,0,1,0,0,1,0,0
1034,0,0,1,0,1,0,0,0,0,0,1,0,0,1,0,0,0,1,0,1,0
1035,0,0,1,0,1,0,0,0,0,0,1,0,0,1,0,0,0,1,0,0,1
1036,0,0,1,0,1,0,0,0,0,0,1,0,0,1,0,0,0,1,1,0,0
1037,0,0,1,0,1,0,0,0,0,0,1,0,0,1,0,0,1,0,0,1,0
1038,0,0,1,0,1,0,0,0,0,0,1,0,0,1,0,0,1,0,0,0,1
1039,0,0,1,0,1,0,0,0,0,0,1,0,0,1,0,0,1,0,1,0,0
1040,0,0,1,0,1,0,0,0,0,0,1,0,0,1,0,1,0,0,0,1,0
1041,0,0,1,0,1,0,0,0,0,0,1,0,0,1,0,1,0,0,0,0,1
1042,0,0,1,0,1,0,0,0,0,0,1,0,0,1,0,1,0,0,1,0,0
1043,0,0,1,0,1,0,0,0,0,0,1,0,0,0,1,0,0,1,0,1,0
1044,0,0,1,0,1,0,0,0,0,0,1,0,0,0,1,0,0,1,0,0,1
1045,0,0,1,0,1,0,0,0,0,0,1,0,0,0,1,0,0,1,1,0,0
1046,0,0,1,0,1,0,0,0,0,0,1,0,0,0,1,0,1,0,0,1,0
1047,0,0,1,0,1,0,0,0,0,0,1,0,0,0,1,0,1,0,0,0,1
1048,0,0,1,0,1,0,0,0,0,0,1,0,0,0,1,0,1,0,1,0,0
1049,0,0,1,0,1,0,0,0,0,0,1,0,0,0,1,1,0,0,0,1,0
1050,0,0,1,0,1,0,0,0,0,0,1,0,0,0,1,1,0,0,0,0,1
1051,0,0,1,0,1,0,0,0,0,0,1,0,0,0,1,1,0,0,1,0,0
1052,0,0,1,0,1,0,0,0,0,0,0,1,1,0,0,0,0,1,0,1,0
1053,0,0,1,0,1,0,0,0,0,0,0,1,1,0,0,0,0,1,0,0,1
1054,0,0,1,0,1,0,0,0,0,0,0,1,1,0,0,0,0,1,1,0,0
1055,0,0,1,0,1,0,0,0,0,0,0,1,1,0,0,0,1,0,0,1,0
1056,0,0,1,0,1,0,0,0,0,0,0,1,1,0,0,0,1,0,0,0,1
1057,0,0,1,0,1,0,0,0,0,0,0,1,1,0,0,0,1,0,1,0,0
1058,0,0,1,0,1,0,0,0,0,0,0,1,1,0,0,1,0,0,0,1,0
1059,0,0,1,0,1,0,0,0,0,0,0,1,1,0,0,1,0,0,0,0,1
1060,0,0,1,0,1,0,0,0,0,0,0,1,1,0,0,1,0,0,1,0,0
1061,0,0,1,0,1,0,0,0,0,0,0,1,0,1,0,0,0,1,0,1,0
1062,0,0,1,0,1,0,0,0,0,0,0,1,0,1,0,0,0,1,0,0,1
1063,0,0,1,0,1,0,0,0,0,0,0,1,0,1,0,0,0,1,1,0,0
1064,0,0,1,0,1,0,0,0,0,0,0,1,0,1,0,0,1,0,0,1,0
1065,0,0,1,0,1,0,0,0,0,0,0,1,0,1,0,0,1,0,0,0,1
1066,0,0,1,0,1,0,0,0,0,0,0,1,0,1,0,0,1,0,1,0,0
1067,0,0,1,0,1,0,0,0,0,0,0,1,0,1,0,1,0,0,0,1,0
1068,0,0,1,0,1,0,0,0,0,0,0,1,0,1,0,1,0,0,0,0,1
1069,0,0,1,0,1,0,0,0,0,0,0,1,0,1,0,1,0,0,1,0,0
1070,0,0,1,0,1,0,0,0,0,0,0,1,0,0,1,0,0,1,0,1,0
1071,0,0,1,0,1,0,0,0,0,0,0,1,0,0,1,0,0,1,0,0,1
1072,0,0,1,0,1,0,0,0,0,0,0,1,0,0,1,0,0,1,1,0,0
1073,0,0,1,0,1,0,0,0,0,0,0,1,0,0,1,0,1,0,0,1,0
1074,0,0,1,0,1,0,0,0,0,0,0,1,0,0,1,0,1,0,0,0,1
1075,0,0,1,0,1,0,0,0,0,0,0,1,0,0,1,0,1,0,1,0,0
1076,0,0,1,0,1,0,0,0,0,0,0,1,0,0,1,1,0,0,0,1,0
1077,0,0,1,0,1,0,0,0,0,0,0,1,0,0,1,1,0,0,0,0,1
1078,0,0,1,0,1,0,0,0,0,0,0,1,0,0,1,1,0,0,1,0,0
1079,0,0,1,0,0,0,1,0,1,0,0,0,1,0,0,0,0,1,0,1,0
1080,0,0,1,0,0,0,1,0,1,0,0,0,1,0,0,0,0,1,0,0,1
1081,0,0,1,0,0,0,1,0,1,0,0,0,1,0,0,0,0,1,1,0,0
1082,0,0,1,0,0,0,1,0,1,0,0,0,1,0,0,0,1,0,0,1,0
1083,0,0,1,0,0,0,1,0,1,0,0,0,1,0,0,0,1,0,0,0,1
1084,0,0,1,0,0,0,1,0,1,0,0,0,1,0,0,0,1,0,1,0,0
1085,0,0,1,0,0,0,1,0,1,0,0,0,1,0,0,1,0,0,0,1,0
1086,0,0,1,0,0,0,1,0,1,0,0,0,1,0,0,1,0,0,0,0,1
1087,0,0,1,0,0,0,1,0,1,0,0,0,1,0,0,1,0,0,1,0,0
1088,0,0,1,0,0,0,1,0,1,0,0,0,0,1,0,0,0,1,0,1,0
1089,0,0,1,0,0,0,1,0,1,0,0,0,0,1,0,0,0,1,0,0,1
1090,0,0,1,0,0,0,1,0,1,0,0,0,0,1,0,0,0,1,1,0,0
1091,0,0,1,0,0,0,1,0,1,0,0,0,0,1,0,0,1,0,0,1,0
1092,0,0,1,0,0,0,1,0,1,0,0,0,0,1,0,0,1,0,0,0,1
1093,0,0,1,0,0,0,1,0,1,0,0,0,0,1,0,0,1,0,1,0,0
1094,0,0,1,0,0,0,1,0,1,0,0,0,0,1,0,1,0,0,0,1,0
1095,0,0,1,0,0,0,1,0,1,0,0,0,0,1,0,1,0,0,0,0,1
1096,0,0,1,0,0,0,1,0,1,0,0,0,0,1,0,1,0,0,1,0,0
1097,0,0,1,0,0,0,1,0,1,0,0,0,0,0,1,0,0,1,0,1,0
1098,0,0,1,0,0,0,1,0,1,0,0,0,0,0,1,0,0,1,0,0,1
1099,0,0,1,0,0,0,1,0,1,0,0,0,0,0,1,0,0,1,1,0,0
1100,0,0,1,0,0,0,1,0,1,0,0,0,0,0,1,0,1,0,0,1,0
1101,0,0,1,0,0,0,1,0,1,0,0,0,0,0,1,0,1,0,0,0,1
1102,0,0,1,0,0,0,1,0,1,0,0,0,0,0,1,0,1,0,1,0,0
1103,0,0,1,0,0,0,1,0,1,0,0,0,0,0,1,1,0,0,0,1,0
1104,0,0,1,0,0,0,1,0,1,0,0,0,0,0,1,1,0,0,0,0,1
1105,0,0,1,0,0,0,1,0,1,0,0,0,0,0,1,1,0,0,1,0,0
1106,0,0,1,0,0,0,1,0,0,1,0,0,1,0,0,0,0,1,0,1,0
1107,0,0,1,0,0,0,1,0,0,1,0,0,1,0,0,0,0,1,0,0,1
1108,0,0,1,0,0,0,1,0,0,1,0,0,1,0,0,0,0,1,1,0,0
1109,0,0,1,0,0,0,1,0,0,1,0,0,1,0,0,0,1,0,0,1,0
1110,0,0,1,0,0,0,1,0,0,1,0,0,1,0,0,0,1,0,0,0,1
1111,0,0,1,0,0,0,1,0,0,1,0,0,1,0,0,0,1,0,1,0,0
1112,0,0,1,0,0,0,1,0,0,1,0,0,1,0,0,1,0,0,0,1,0
1113,0,0,1,0,0,0,1,0,0,1,0,0,1,0,0,1,0,0,0,0,1
1114,0,0,1,0,0,0,1,0,0,1,0,0,1,0,0,1,0,0,1,0,0
1115,0,0,1,0,0,0,1,0,0,1,0,0,0,1,0,0,0,1,0,1,0
1116,0,0,1,0,0,0,1,0,0,1,0,0,0,1,0,0,0,1,0,0,1
1117,0,0,1,0,0,0,1,0,0,1,0,0,0,1,0,0,0,1,1,0,0
1118,0,0,1,0,0,0,1,0,0,1,0,0,0,1,0,0,1,0,0,1,0
1119,0,0,1,0,0,0,1,0,0,1,0,0,0,1,0,0,1,0,0,0,1
1120,0,0,1,0,0,0,1,0,0,1,0,0,0,1,0,0,1,0,1,0,0
1121,0,0,1,0,0,0,1,0,0,1,0,0,0,1,0,1,0,0,0,1,0
1122,0,0,1,0,0,0,1,0,0,1,0,0,0,1,0,1,0,0,0,0,1
1123,0,0,1,0,0,0,1,0,0,1,0,0,0,1,0,1,0,0,1,0,0
1124,0,0,1,0,0,0,1,0,0,1,0,0,0,0,1,0,0,1,0,1,0
1125,0,0,1,0,0,0,1,0,0,1,0,0,0,0,1,0,0,1,0,0,1
1126,0,0,1,0,0,0,1,0,0,1,0,0,0,0,1,0,0,1,1,0,0
1127,0,0,1,0,0,0,1,0,0,1,0,0,0,0,1,0,1,0,0,1,0
1128,0,0,1,0,0,0,1,0,0,1,0,0,0,0,1,0,1,0,0,0,1
1129,0,0,1,0,0,0,1,0,0,1,0,0,0,0,1,0,1,0,1,0,0
1130,0,0,1,0,0,0,1,0,0,1,0,0,0,0,1,1,0,0,0,1,0
1131,0,0,1,0,0,0,1,0,0,1,0,0,0,0,1,1,0,0,0,0,1
1132,0,0,1,0,0,0,1,0,0,1,0,0,0,0,1,1,0,0,1,0,0
1133,0,0,1,0,0,0,1,0,0,0,1,0,1,0,0,0,0,1,0,1,0
1134,0,0,1,0,0,0,1,0,0,0,1,0,1,0,0,0,0,1,0,0,1
1135,0,0,1,0,0,0,1,0,0,0,1,0,1,0,0,0,0,1,1,0,0
1136,0,0,1,0,0,0,1,0,0,0,1,0,1,0,0,0,1,0,0,1,0
1137,0,0,1,0,0,0,1,0,0,0,1,0,1,0,0,0,1,0,0,0,1
1138,0,0,1,0,0,0,1,0,0,0,1,0,1,0,0,0,1,0,1,0,0
1139,0,0,1,0,0,0,1,0,0,0,1,0,1,0,0,1,0,0,0,1,0
1140,0,0,1,0,0,0,1,0,0,0,1,0,1,0,0,1,0,0,0,0,1
1141,0,0,1,0,0,0,1,0,0,0,1,0,1,0,0,1,0,0,1,0,0
1142,0,0,1,0,0,0,1,0,0,0,1,0,0,1,0,0,0,1,0,1,0
1143,0,0,1,0,0,0,1,0,0,0,1,0,0,1,0,0,0,1,0,0,1
1144,0,0,1,0,0,0,1,0,0,0,1,0,0,1,0,0,0,1,1,0,0
1145,0,0,1,0,0,0,1,0,0,0,1,0,0,1,0,0,1,0,0,1,0
1146,0,0,1,0,0,0,1,0,0,0,1,0,0,1,0,0,1,0,0,0,1
1147,0,0,1,0,0,0,1,0,0,0,1,0,0,1,0,0,1,0,1,0,0
1148,0,0,1,0,0,0,1,0,0,0,1,0,0,1,0,1,0,0,0,1,0
1149,0,0,1,0,0,0,1,0,0,0,1,0,0,1,0,1,0,0,0,0,1
1150,0,0,1,0,0,0,1,0,0,0,1,0,0,1,0,1,0,0,1,0,0
1151,0,0,1,0,0,0,1,0,0,0,1,0,0,0,1,0,0,1,0,1,0
1152,0,0,1,0,0,0,1,0,0,0,1,0,0,0,1,0,0,1,0,0,1
1153,0,0,1,0,0,0,1,0,0,0,1,0,0,0,1,0,0,1,1,0,0
1154,0,0,1,0,0,0,1,0,0,0,1,0,0,0,1,0,1,0,0,1,0
1155,0,0,1,0,0,0,1,0,0,0,1,0,0,0,1,0,1,0,0,0,1
1156,0,0,1,0,0,0,1,0,0,0,1,0,0,0,1,0,1,0,1,0,0
1157,0,0,1,0,0,0,1,0,0,0,1,0,0,0,1,1,0,0,0,1,0
1158,0,0,1,0,0,0,1,0,0,0,1,0,0,0,1,1,0,0,0,0,1
1159,0,0,1,0,0,0,1,0,0,0,1,0,0,0,1,1,0,0,1,0,0
1160,0,0,1,0,0,0,1,0,0,0,0,1,1,0,0,0,0,1,0,1,0
1161,0,0,1,0,0,0,1,0,0,0,0,1,1,0,0,0,0,1,0,0,1
1162,0,0,1,0,0,0,1,0,0,0,0,1,1,0,0,0,0,1,1,0,0
1163,0,0,1,0,0,0,1,0,0,0,0,1,1,0,0,0,1,0,0,1,0
1164,0,0,1,0,0,0,1,0,0,0,0,1,1,0,0,0,1,0,0,0,1
1165,0,0,1,0,0,0,1,0,0,0,0,1,1,0,0,0,1,0,1,0,0
1166,0,0,1,0,0,0,1,0,0,0,0,1,1,0,0,1,0,0,0,1,0
1167,0,0,1,0,0,0,1,0,0,0,0,1,1,0,0,1,0,0,0,0,1
1168,0,0,1,0,0,0,1,0,0,0,0,1,1,0,0,1,0,0,1,0,0
1169,0,0,1,0,0,0,1,0,0,0,0,1,0,1,0,0,0,1,0,1,0
1170,0,0,1,0,0,0,1,0,0,0,0,1,0,1,0,0,0,1,0,0,1
1171,0,0,1,0,0,0,1,0,0,0,0,1,0,1,0,0,0,1,1,0,0
1172,0,0,1,0,0,0,1,0,0,0,0,1,0,1,0,0,1,0,0,1,0
1173,0,0,1,0,0,0,1,0,0,0,0,1,0,1,0,0,1,0,0,0,1
1174,0,0,1,0,0,0,1,0,0,0,0,1,0,1,0,0,1,0,1,0,0
1175,0,0,1,0,0,0,1,0,0,0,0,1,0,1,0,1,0,0,0,1,0
1176,0,0,1,0,0,0,1,0,0,0,0,1,0,1,0,1,0,0,0,0,1
1177,0,0,1,0,0,0,1,0,0,0,0,1,0,1,0,1,0,0,1,0,0
1178,0,0,1,0,0,0,1,0,0,0,0,1,0,0,1,0,0,1,0,1,0
1179,0,0,1,0,0,0,1,0,0,0,0,1,0,0,1,0,0,1,0,0,1
1180,0,0,1,0,0,0,1,0,0,0,0,1,0,0,1,0,0,1,1,0,0
1181,0,0,1,0,0,0,1,0,0,0,0,1,0,0,1,0,1,0,0,1,0
1182,0,0,1,0,0,0,1,0,0,0,0,1,0,0,1,0,1,0,0,0,1
1183,0,0,1,0,0,0,1,0,0,0,0,1,0,0,1,0,1,0,1,0,0
1184,0,0,1,0,0,0,1,0,0,0,0,1,0,0,1,1,0,0,0,1,0
1185,0,0,1,0,0,0,1,0,0,0,0,1,0,0,1,1,0,0,0,0,1
1186,0,0,1,0,0,0,1,0,0,0,0,1,0,0,1,1,0,0,1,0,0
1187,0,0,1,0,0,1,0,0,1,0,0,0,1,0,0,0,0,1,0,1,0
1188,0,0,1,0,0,1,0,0,1,0,0,0,1,0,0,0,0,1,0,0,1
1189,0,0,1,0,0,1,0,0,1,0,0,0,1,0,0,0,0,1,1,0,0
1190,0,0,1,0,0,1,0,0,1,0,0,0,1,0,0,0,1,0,0,1,0
1191,0,0,1,0,0,1,0,0,1,0,0,0,1,0,0,0,1,0,0,0,1
1192,0,0,1,0,0,1,0,0,1,0,0,0,1,0,0,0,1,0,1,0,0
1193,0,0,1,0,0,1,0,0,1,0,0,0,1,0,0,1,0,0,0,1,0
1194,0,0,1,0,0,1,0,0,1,0,0,0,1,0,0,1,0,0,0,0,1
1195,0,0,1,0,0,1,0,0,1,0,0,0,1,0,0,1,0,0,1,0,0
1196,0,0,1,0,0,1,0,0,1,0,0,0,0,1,0,0,0,1,0,1,0
1197,0,0,1,0,0,1,0,0,1,0,0,0,0,1,0,0,0,1,0,0,1
1198,0,0,1,0,0,1,0,0,1,0,0,0,0,1,0,0,0,1,1,0,0
1199,0,0,1,0,0,1,0,0,1,0,0,0,0,1,0,0,1,0,0,1,0
1200,0,0,1,0,0,1,0,0,1,0,0,0,0,1,0,0,1,0,0,0,1
1201,0,0,1,0,0,1,0,0,1,0,0,0,0,1,0,0,1,0,1,0,0
1202,0,0,1,0,0,1,0,0,1,0,0,0,0,1,0,1,0,0,0,1,0
1203,0,0,1,0,0,1,0,0,1,0,0,0,0,1,0,1,0,0,0,0,1
1204,0,0,1,0,0,1,0,0,1,0,0,0,0,1,0,1,0,0,1,0,0
1205,0,0,1,0,0,1,0,0,1,0,0,0,0,0,1,0,0,1,0,1,0
1206,0,0,1,0,0,1,0,0,1,0,0,0,0,0,1,0,0,1,0,0,1
1207,0,0,1,0,0,1,0,0,1,0,0,0,0,0,1,0,0,1,1,0,0
1208,0,0,1,0,0,1,0,0,1,0,0,0,0,0,1,0,1,0,0,1,0
1209,0,0,1,0,0,1,0,0,1,0,0,0,0,0,1,0,1,0,0,0,1
1210,0,0,1,0,0,1,0,0,1,0,0,0,0,0,1,0,1,0,1,0,0
1211,0,0,1,0,0,1,0,0,1,0,0,0,0,0,1,1,0,0,0,1,0
1212,0,0,1,0,0,1,0,0,1,0,0,0,0,0,1,1,0,0,0,0,1
1213,0,0,1,0,0,1,0,0,1,0,0,0,0,0,1,1,0,0,1,0,0
1214,0,0,1,0,0,1,0,0,0,1,0,0,1,0,0,0,0,1,0,1,0
1215,0,0,1,0,0,1,0,0,0,1,0,0,1,0,0,0,0,1,0,0,1
1216,0,0,1,0,0,1,0,0,0,1,0,0,1,0,0,0,0,1,1,0,0
1217,0,0,1,0,0,1,0,0,0,1,0,0,1,0,0,0,1,0,0,1,0
1218,0,0,1,0,0,1,0,0,0,1,0,0,1,0,0,0,1,0,0,0,1
1219,0,0,1,0,0,1,0,0,0,1,0,0,1,0,0,0,1,0,1,0,0
1220,0,0,1,0,0,1,0,0,0,1,0,0,1,0,0,1,0,0,0,1,0
1221,0,0,1,0,0,1,0,0,0,1,0,0,1,0,0,1,0,0,0,0,1
1222,0,0,1,0,0,1,0,0,0,1,0,0,1,0,0,1,0,0,1,0,0
1223,0,0,1,0,0,1,0,0,0,1,0,0,0,1,0,0,0,1,0,1,0
1224,0,0,1,0,0,1,0,0,0,1,0,0,0,1,0,0,0,1,0,0,1
1225,0,0,1,0,0,1,0,0,0,1,0,0,0,1,0,0,0,1,1,0,0
1226,0,0,1,0,0,1,0,0,0,1,0,0,0,1,0,0,1,0,0,1,0
1227,0,0,1,0,0,1,0,0,0,1,0,0,0,1,0,0,1,0,0,0,1
1228,0,0,1,0,0,1,0,0,0,1,0,0,0,1,0,0,1,0,1,0,0
1229,0,0,1,0,0,1,0,0,0,1,0,0,0,1,0,1,0,0,0,1,0
1230,0,0,1,0,0,1,0,0,0,1,0,0,0,1,0,1,0,0,0,0,1
1231,0,0,1,0,0,1,0,0,0,1,0,0,0,1,0,1,0,0,1,0,0
1232,0,0,1,0,0,1,0,0,0,1,0,0,0,0,1,0,0,1,0,1,0
1233,0,0,1,0,0,1,0,0,0,1,0,0,0,0,1,0,0,1,0,0,1
1234,0,0,1,0,0,1,0,0,0,1,0,0,0,0,1,0,0,1,1,0,0
1235,0,0,1,0,0,1,0,0,0,1,0,0,0,0,1,0,1,0,0,1,0
1236,0,0,1,0,0,1,0,0,0,1,0,0,0,0,1,0,1,0,0,0,1
1237,0,0,1,0,0,1,0,0,0,1,0,0,0,0,1,0,1,0,1,0,0
1238,0,0,1,0,0,1,0,0,0,1,0,0,0,0,1,1,0,0,0,1,0
1239,0,0,1,0,0,1,0,0,0,1,0,0,0,0,1,1,0,0,0,0,1
1240,0,0,1,0,0,1,0,0,0,1,0,0,0,0,1,1,0,0,1,0,0
1241,0,0,1,0,0,1,0,0,0,0,1,0,1,0,0,0,0,1,0,1,0
1242,0,0,1,0,0,1,0,0,0,0,1,0,1,0,0,0,0,1,0,0,1
1243,0,0,1,0,0,1,0,0,0,0,1,0,1,0,0,0,0,1,1,0,0
1244,0,0,1,0,0,1,0,0,0,0,1,0,1,0,0,0,1,0,0,1,0
1245,0,0,1,0,0,1,0,0,0,0,1,0,1,0,0,0,1,0,0,0,1
1246,0,0,1,0,0,1,0,0,0,0,1,0,1,0,0,0,1,0,1,0,0
1247,0,0,1,0,0,1,0,0,0,0,1,0,1,0,0,1,0,0,0,1,0
1248,0,0,1,0,0,1,0,0,0,0,1,0,1,0,0,1,0,0,0,0,1
1249,0,0,1,0,0,1,0,0,0,0,1,0,1,0,0,1,0,0,1,0,0
1250,0,0,1,0,0,1,0,0,0,0,1,0,0,1,0,0,0,1,0,1,0
1251,0,0,1,0,0,1,0,0,0,0,1,0,0,1,0,0,0,1,0,0,1
1252,0,0,1,0,0,1,0,0,0,0,1,0,0,1,0,0,0,1,1,0,0
1253,0,0,1,0,0,1,0,0,0,0,1,0,0,1,0,0,1,0,0,1,0
1254,0,0,1,0,0,1,0,0,0,0,1,0,0,1,0,0,1,0,0,0,1
1255,0,0,1,0,0,1,0,0,0,0,1,0,0,1,0,0,1,0,1,0,0
1256,0,0,1,0,0,1,0,0,0,0,1,0,0,1,0,1,0,0,0,1,0
1257,0,0,1,0,0,1,0,0,0,0,1,0,0,1,0,1,0,0,0,0,1
1258,0,0,1,0,0,1,0,0,0,0,1,0,0,1,0,1,0,0,1,0,0
1259,0,0,1,0,0,1,0,0,0,0,1,0,0,0,1,0,0,1,0,1,0
1260,0,0,1,0,0,1,0,0,0,0,1,0,0,0,1,0,0,1,0,0,1
1261,0,0,1,0,0,1,0,0,0,0,1,0,0,0,1,0,0,1,1,0,0
1262,0,0,1,0,0,1,0,0,0,0,1,0,0,0,1,0,1,0,0,1,0
1263,0,0,1,0,0,1,0,0,0,0,1,0,0,0,1,0,1,0,0,0,1
1264,0,0,1,0,0,1,0,0,0,0,1,0,0,0,1,0,1,0,1,0,0
1265,0,0,1,0,0,1,0,0,0,0,1,0,0,0,1,1,0,0,0,1,0
1266,0,0,1,0,0,1,0,0,0,0,1,0,0,0,1,1,0,0,0,0,1
1267,0,0,1,0,0,1,0,0,0,0,1,0,0,0,1,1,0,0,1,0,0
1268,0,0,1,0,0,1,0,0,0,0,0,1,1,0,0,0,0,1,0,1,0
1269,0,0,1,0,0,1,0,0,0,0,0,1,1,0,0,0,0,1,0,0,1
1270,0,0,1,0,0,1,0,0,0,0,0,1,1,0,0,0,0,1,1,0,0
1271,0,0,1,0,0,1,0,0,0,0,0,1,1,0,0,0,1,0,0,1,0
1272,0,0,1,0,0,1,0,0,0,0,0,1,1,0,0,0,1,0,0,0,1
1273,0,0,1,0,0,1,0,0,0,0,0,1,1,0,0,0,1,0,1,0,0
1274,0,0,1,0,0,1,0,0,0,0,0,1,1,0,0,1,0,0,0,1,0
1275,0,0,1,0,0,1,0,0,0,0,0,1,1,0,0,1,0,0,0,0,1
1276,0,0,1,0,0,1,0,0,0,0,0,1,1,0,0,1,0,0,1,0,0
1277,0,0,1,0,0,1,0,0,0,0,0,1,0,1,0,0,0,1,0,1,0
1278,0,0,1,0,0,1,0,0,0,0,0,1,0,1,0,0,0,1,0,0,1
1279,0,0,1,0,0,1,0,0,0,0,0,1,0,1,0,0,0,1,1,0,0
1280,0,0,1,0,0,1,0,0,0,0,0,1,0,1,0,0,1,0,0,1,0
1281,0,0,1,0,0,1,0,0,0,0,0,1,0,1,0,0,1,0,0,0,1
1282,0,0,1,0,0,1,0,0,0,0,0,1,0,1,0,0,1,0,1,0,0
1283,0,0,1,0,0,1,0,0,0,0,0,1,0,1,0,1,0,0,0,1,0
1284,0,0,1,0,0,1,0,0,0,0,0,1,0,1,0,1,0,0,0,0,1
1285,0,0,1,0,0,1,0,0,0,0,0,1,0,1,0,1,0,0,1,0,0
1286,0,0,1,0,0,1,0,0,0,0,0,1,0,0,1,0,0,1,0,1,0
1287,0,0,1,0,0,1,0,0,0,0,0,1,0,0,1,0,0,1,0,0,1
1288,0,0,1,0,0,1,0,0,0,0,0,1,0,0,1,0,0,1,1,0,0
1289,0,0,1,0,0,1,0,0,0,0,0,1,0,0,1,0,1,0,0,1,0
1290,0,0,1,0,0,1,0,0,0,0,0,1,0,0,1,0,1,0,0,0,1
1291,0,0,1,0,0,1,0,0,0,0,0,1,0,0,1,0,1,0,1,0,0
1292,0,0,1,0,0,1,0,0,0,0,0,1,0,0,1,1,0,0,0,1,0
1293,0,0,1,0,0,1,0,0,0,0,0,1,0,0,1,1,0,0,0,0,1
1294,0,0,1,0,0,1,0,0,0,0,0,1,0,0,1,1,0,0,1,0,0
1295,0,1,0,0,0,0,0,1,1,0,0,0,1,0,0,0,0,1,0,1,0
1296,0,1,0,0,0,0,0,1,1,0,0,0,1,0,0,0,0,1,0,0,1
1297,0,1,0,0,0,0,0,1,1,0,0,0,1,0,0,0,0,1,1,0,0
1298,0,1,0,0,0,0,0,1,1,0,0,0,1,0,0,0,1,0,0,1,0
1299,0,1,0,0,0,0,0,1,1,0,0,0,1,0,0,0,1,0,0,0,1
1300,0,1,0,0,0,0,0,1,1,0,0,0,1,0,0,0,1,0,1,0,0
1301,0,1,0,0,0,0,0,1,1,0,0,0,1,0,0,1,0,0,0,1,0
1302,0,1,0,0,0,0,0,1,1,0,0,0,1,0,0,1,0,0,0,0,1
1303,0,1,0,0,0,0,0,1,1,0,0,0,1,0,0,1,0,0,1,0,0
1304,0,1,0,0,0,0,0,1,1,0,0,0,0,1,0,0,0,1,0,1,0
1305,0,1,0,0,0,0,0,1,1,0,0,0,0,1,0,0,0,1,0,0,1
1306,0,1,0,0,0,0,0,1,1,0,0,0,0,1,0,0,0,1,1,0,0
1307,0,1,0,0,0,0,0,1,1,0,0,0,0,1,0,0,1,0,0,1,0
1308,0,1,0,0,0,0,0,1,1,0,0,0,0,1,0,0,1,0,0,0,1
1309,0,1,0,0,0,0,0,1,1,0,0,0,0,1,0,0,1,0,1,0,0
1310,0,1,0,0,0,0,0,1,1,0,0,0,0,1,0,1,0,0,0,1,0
1311,0,1,0,0,0,0,0,1,1,0,0,0,0,1,0,1,0,0,0,0,1
1312,0,1,0,0,0,0,0,1,1,0,0,0,0,1,0,1,0,0,1,0,0
1313,0,1,0,0,0,0,0,1,1,0,0,0,0,0,1,0,0,1,0,1,0
1314,0,1,0,0,0,0,0,1,1,0,0,0,0,0,1,0,0,1,0,0,1
1315,0,1,0,0,0,0,0,1,1,0,0,0,0,0,1,0,0,1,1,0,0
1316,0,1,0,0,0,0,0,1,1,0,0,0,0,0,1,0,1,0,0,1,0
1317,0,1,0,0,0,0,0,1,1,0,0,0,0,0,1,0,1,0,0,0,1
1318,0,1,0,0,0,0,0,1,1,0,0,0,0,0,1,0,1,0,1,0,0
1319,0,1,0,0,0,0,0,1,1,0,0,0,0,0,1,1,0,0,0,1,0
1320,0,1,0,0,0,0,0,1,1,0,0,0,0,0,1,1,0,0,0,0,1
1321,0,1,0,0,0,0,0,1,1,0,0,0,0,0,1,1,0,0,1,0,0
1322,0,1,0,0,0,0,0,1,0,1,0,0,1,0,0,0,0,1,0,1,0
1323,0,1,0,0,0,0,0,1,0,1,0,0,1,0,0,0,0,1,0,0,1
1324,0,1,0,0,0,0,0,1,0,1,0,0,1,0,0,0,0,1,1,0,0
1325,0,1,0,0,0,0,0,1,0,1,0,0,1,0,0,0,1,0,0,1,0
1326,0,1,0,0,0,0,0,1,0,1,0,0,1,0,0,0,1,0,0,0,1
1327,0,1,0,0,0,0,0,1,0,1,0,0,1,0,0,0,1,0,1,0,0
1328,0,1,0,0,0,0,0,1,0,1,0,0,1,0,0,1,0,0,0,1,0
1329,0,1,0,0,0,0,0,1,0,1,0,0,1,0,0,1,0,0,0,0,1
1330,0,1,0,0,0,0,0,1,0,1,0,0,1,0,0,1,0,0,1,0,0
1331,0,1,0,0,0,0,0,1,0,1,0,0,0,1,0,0,0,1,0,1,0
1332,0,1,0,0,0,0,0,1,0,1,0,0,0,1,0,0,0,1,0,0,1
1333,0,1,0,0,0,0,0,1,0,1,0,0,0,1,0,0,0,1,1,0,0
1334,0,1,0,0,0,0,0,1,0,1,0,0,0,1,0,0,1,0,0,1,0
1335,0,1,0,0,0,0,0,1,0,1,0,0,0,1,0,0,1,0,0,0,1
1336,0,1,0,0,0,0,0,1,0,1,0,0,0,1,0,0,1,0,1,0,0
1337,0,1,0,0,0,0,0,1,0,1,0,0,0,1,0,1,0,0,0,1,0
1338,0,1,0,0,0,0,0,1,0,1,0,0,0,1,0,1,0,0,0,0,1
1339,0,1,0,0,0,0,0,1,0,1,0,0,0,1,0,1,0,0,1,0,0
1340,0,1,0,0,0,0,0,1,0,1,0,0,0,0,1,0,0,1,0,1,0
1341,0,1,0,0,0,0,0,1,0,1,0,0,0,0,1,0,0,1,0,0,1
1342,0,1,0,0,0,0,0,1,0,1,0,0,0,0,1,0,0,1,1,0,0
1343,0,1,0,0,0,0,0,1,0,1,0,0,0,0,1,0,1,0,0,1,0
1344,0,1,0,0,0,0,0,1,0,1,0,0,0,0,1,0,1,0,0,0,1
1345,0,1,0,0,0,0,0,1,0,1,0,0,0,0,1,0,1,0,1,0,0
1346,0,1,0,0,0,0,0,1,0,1,0,0,0,0,1,1,0,0,0,1,0
1347,0,1,0,0,0,0,0,1,0,1,0,0,0,0,1,1,0,0,0,0,1
1348,0,1,0,0,0,0,0,1,0,1,0,0,0,0,1,1,0,0,1,0,0
1349,0,1,0,0,0,0,0,1,0,0,1,0,1,0,0,0,0,1,0,1,0
1350,0,1,0,0,0,0,0,1,0,0,1,0,1,0,0,0,0,1,0,0,1
1351,0,1,0,0,0,0,0,1,0,0,1,0,1,0,0,0,0,1,1,0,0
1352,0,1,0,0,0,0,0,1,0,0,1,0,1,0,0,0,1,0,0,1,0
1353,0,1,0,0,0,0,0,1,0,0,1,0,1,0,0,0,1,0,0,0,1
1354,0,1,0,0,0,0,0,1,0,0,1,0,1,0,0,0,1,0,1,0,0
1355,0,1,0,0,0,0,0,1,0,0,1,0,1,0,0,1,0,0,0,1,0
1356,0,1,0,0,0,0,0,1,0,0,1,0,1,0,0,1,0,0,0,0,1
1357,0,1,0,0,0,0,0,1,0,0,1,0,1,0,0,1,0,0,1,0,0
1358,0,1,0,0,0,0,0,1,0,0,1,0,0,1,0,0,0,1,0,1,0
1359,0,1,0,0,0,0,0,1,0,0,1,0,0,1,0,0,0,1,0,0,1
1360,0,1,0,0,0,0,0,1,0,0,1,0,0,1,0,0,0,1,1,0,0
1361,0,1,0,0,0,0,0,1,0,0,1,0,0,1,0,0,1,0,0,1,0
1362,0,1,0,0,0,0,0,1,0,0,1,0,0,1,0,0,1,0,0,0,1
1363,0,1,0,0,0,0,0,1,0,0,1,0,0,1,0,0,1,0,1,0,0
1364,0,1,0,0,0,0,0,1,0,0,1,0,0,1,0,1,0,0,0,1,0
1365,0,1,0,0,0,0,0,1,0,0,1,0,0,1,0,1,0,0,0,0,1
1366,0,1,0,0,0,0,0,1,0,0,1,0,0,1,0,1,0,0,1,0,0
1367,0,1,0,0,0,0,0,1,0,0,1,0,0,0,1,0,0,1,0,1,0
1368,0,1,0,0,0,0,0,1,0,0,1,0,0,0,1,0,0,1,0,0,1
1369,0,1,0,0,0,0,0,1,0,0,1,0,0,0,1,0,0,1,1,0,0
1370,0,1,0,0,0,0,0,1,0,0,1,0,0,0,1,0,1,0,0,1,0
1371,0,1,0,0,0,0,0,1,0,0,1,0,0,0,1,0,1,0,0,0,1
1372,0,1,0,0,0,0,0,1,0,0,1,0,0,0,1,0,1,0,1,0,0
1373,0,1,0,0,0,0,0,1,0,0,1,0,0,0,1,1,0,0,0,1,0
1374,0,1,0,0,0,0,0,1,0,0,1,0,0,0,1,1,0,0,0,0,1
1375,0,1,0,0,0,0,0,1,0,0,1,0,0,0,1,1,0,0,1,0,0
1376,0,1,0,0,0,0,0,1,0,0,0,1,1,0,0,0,0,1,0,1,0
1377,0,1,0,0,0,0,0,1,0,0,0,1,1,0,0,0,0,1,0,0,1
1378,0,1,0,0,0,0,0,1,0,0,0,1,1,0,0,0,0,1,1,0,0
1379,0,1,0,0,0,0,0,1,0,0,0,1,1,0,0,0,1,0,0,1,0
1380,0,1,0,0,0,0,0,1,0,0,0,1,1,0,0,0,1,0,0,0,1
1381,0,1,0,0,0,0,0,1,0,0,0,1,1,0,0,0,1,0,1,0,0
1382,0,1,0,0,0,0,0,1,0,0,0,1,1,0,0,1,0,0,0,1,0
1383,0,1,0,0,0,0,0,1,0,0,0,1,1,0,0,1,0,0,0,0,1
1384,0,1,0,0,0,0,0,1,0,0,0,1,1,0,0,1,0,0,1,0,0
1385,0,1,0,0,0,0,0,1,0,0,0,1,0,1,0,0,0,1,0,1,0
1386,0,1,0,0,0,0,0,1,0,0,0,1,0,1,0,0,0,1,0,0,1
1387,0,1,0,0,0,0,0,1,0,0,0,1,0,1,0,0,0,1,1,0,0
1388,0,1,0,0,0,0,0,1,0,0,0,1,0,1,0,0,1,0,0,1,0
1389,0,1,0,0,0,0,0,1,0,0,0,1,0,1,0,0,1,0,0,0,1
1390,0,1,0,0,0,0,0,1,0,0,0,1,0,1,0,0,1,0,1,0,0
1391,0,1,0,0,0,0,0,1,0,0,0,1,0,1,0,1,0,0,0,1,0
1392,0,1,0,0,0,0,0,1,0,0,0,1,0,1,0,1,0,0,0,0,1
1393,0,1,0,0,0,0,0,1,0,0,0,1,0,1,0,1,0,0,1,0,0
1394,0,1,0,0,0,0,0,1,0,0,0,1,0,0,1,0,0,1,0,1,0
1395,0,1,0,0,0,0,0,1,0,0,0,1,0,0,1,0,0,1,0,0,1
1396,0,1,0,0,0,0,0,1,0,0,0,1,0,0,1,0,0,1,1,0,0
1397,0,1,0,0,0,0,0,1,0,0,0,1,0,0,1,0,1,0,0,1,0
1398,0,1,0,0,0,0,0,1,0,0,0,1,0,0,1,0,1,0,0,0,1
1399,0,1,0,0,0,0,0,1,0,0,0,1,0,0,1,0,1,0,1,0,0
1400,0,1,0,0,0,0,0,1,0,0,0,1,0,0,1,1,0,0,0,1,0
1401,0,1,0,0,0,0,0,1,0,0,0,1,0,0,1,1,0,0,0,0,1
1402,0,1,0,0,0,0,0,1,0,0,0,1,0,0,1,1,0,0,1,0,0
1403,0,1,0,0,1,0,0,0,1,0,0,0,1,0,0,0,0,1,0,1,0
1404,0,1,0,0,1,0,0,0,1,0,0,0,1,0,0,0,0,1,0,0,1
1405,0,1,0,0,1,0,0,0,1,0,0,0,1,0,0,0,0,1,1,0,0
1406,0,1,0,0,1,0,0,0,1,0,0,0,1,0,0,0,1,0,0,1,0
1407,0,1,0,0,1,0,0,0,1,0,0,0,1,0,0,0,1,0,0,0,1
1408,0,1,0,0,1,0,0,0,1,0,0,0,1,0,0,0,1,0,1,0,0
1409,0,1,0,0,1,0,0,0,1,0,0,0,1,0,0,1,0,0,0,1,0
1410,0,1,0,0,1,0,0,0,1,0,0,0,1,0,0,1,0,0,0,0,1
1411,0,1,0,0,1,0,0,0,1,0,0,0,1,0,0,1,0,0,1,0,0
1412,0,1,0,0,1,0,0,0,1,0,0,0,0,1,0,0,0,1,0,1,0
1413,0,1,0,0,1,0,0,0,1,0,0,0,0,1,0,0,0,1,0,0,1
1414,0,1,0,0,1,0,0,0,1,0,0,0,0,1,0,0,0,1,1,0,0
1415,0,1,0,0,1,0,0,0,1,0,0,0,0,1,0,0,1,0,0,1,0
1416,0,1,0,0,1,0,0,0,1,0,0,0,0,1,0,0,1,0,0,0,1
1417,0,1,0,0,1,0,0,0,1,0,0,0,0,1,0,0,1,0,1,0,0
1418,0,1,0,0,1,0,0,0,1,0,0,0,0,1,0,1,0,0,0,1,0
1419,0,1,0,0,1,0,0,0,1,0,0,0,0,1,0,1,0,0,0,0,1
1420,0,1,0,0,1,0,0,0,1,0,0,0,0,1,0,1,0,0,1,0,0
1421,0,1,0,0,1,0,0,0,1,0,0,0,0,0,1,0,0,1,0,1,0
1422,0,1,0,0,1,0,0,0,1,0,0,0,0,0,1,0,0,1,0,0,1
1423,0,1,0,0,1,0,0,0,1,0,0,0,0,0,1,0,0,1,1,0,0
1424,0,1,0,0,1,0,0,0,1,0,0,0,0,0,1,0,1,0,0,1,0
1425,0,1,0,0,1,0,0,0,1,0,0,0,0,0,1,0,1,0,0,0,1
1426,0,1,0,0,1,0,0,0,1,0,0,0,0,0,1,0,1,0,1,0,0
1427,0,1,0,0,1,0,0,0,1,0,0,0,0,0,1,1,0,0,0,1,0
1428,0,1,0,0,1,0,0,0,1,0,0,0,0,0,1,1,0,0,0,0,1
1429,0,1,0,0,1,0,0,0,1,0,0,0,0,0,1,1,0,0,1,0,0
1430,0,1,0,0,1,0,0,0,0,1,0,0,1,0,0,0,0,1,0,1,0
1431,0,1,0,0,1,0,0,0,0,1,0,0,1,0,0,0,0,1,0,0,1
1432,0,1,0,0,1,0,0,0,0,1,0,0,1,0,0,0,0,1,1,0,0
1433,0,1,0,0,1,0,0,0,0,1,0,0,1,0,0,0,1,0,0,1,0
1434,0,1,0,0,1,0,0,0,0,1,0,0,1,0,0,0,1,0,0,0,1
1435,0,1,0,0,1,0,0,0,0,1,0,0,1,0,0,0,1,0,1,0,0
1436,0,1,0,0,1,0,0,0,0,1,0,0,1,0,0,1,0,0,0,1,0
1437,0,1,0,0,1,0,0,0,0,1,0,0,1,0,0,1,0,0,0,0,1
1438,0,1,0,0,1,0,0,0,0,1,0,0,1,0,0,1,0,0,1,0,0
1439,0,1,0,0,1,0,0,0,0,1,0,0,0,1,0,0,0,1,0,1,0
1440,0,1,0,0,1,0,0,0,0,1,0,0,0,1,0,0,0,1,0,0,1
1441,0,1,0,0,1,0,0,0,0,1,0,0,0,1,0,0,0,1,1,0,0
1442,0,1,0,0,1,0,0,0,0,1,0,0,0,1,0,0,1,0,0,1,0
1443,0,1,0,0,1,0,0,0,0,1,0,0,0,1,0,0,1,0,0,0,1
1444,0,1,0,0,1,0,0,0,0,1,0,0,0,1,0,0,1,0,1,0,0
1445,0,1,0,0,1,0,0,0,0,1,0,0,0,1,0,1,0,0,0,1,0
1446,0,1,0,0,1,0,0,0,0,1,0,0,0,1,0,1,0,0,0,0,1
1447,0,1,0,0,1,0,0,0,0,1,0,0,0,1,0,1,0,0,1,0,0
1448,0,1,0,0,1,0,0,0,0,1,0,0,0,0,1,0,0,1,0,1,0
1449,0,1,0,0,1,0,0,0,0,1,0,0,0,0,1,0,0,1,0,0,1
1450,0,1,0,0,1,0,0,0,0,1,0,0,0,0,1,0,0,1,1,0,0
1451,0,1,0,0,1,0,0,0,0,1,0,0,0,0,1,0,1,0,0,1,0
1452,0,1,0,0,1,0,0,0,0,1,0,0,0,0,1,0,1,0,0,0,1
1453,0,1,0,0,1,0,0,0,0,1,0,0,0,0,1,0,1,0,1,0,0
1454,0,1,0,0,1,0,0,0,0,1,0,0,0,0,1,1,0,0,0,1,0
1455,0,1,0,0,1,0,0,0,0,1,0,0,0,0,1,1,0,0,0,0,1
1456,0,1,0,0,1,0,0,0,0,1,0,0,0,0,1,1,0,0,1,0,0
1457,0,1,0,0,1,0,0,0,0,0,1,0,1,0,0,0,0,1,0,1,0
1458,0,1,0,0,1,0,0,0,0,0,1,0,1,0,0,0,0,1,0,0,1
1459,0,1,0,0,1,0,0,0,0,0,1,0,1,0,0,0,0,1,1,0,0
1460,0,1,0,0,1,0,0,0,0,0,1,0,1,0,0,0,1,0,0,1,0
1461,0,1,0,0,1,0,0,0,0,0,1,0,1,0,0,0,1,0,0,0,1
1462,0,1,0,0,1,0,0,0,0,0,1,0,1,0,0,0,1,0,1,0,0
1463,0,1,0,0,1,0,0,0,0,0,1,0,1,0,0,1,0,0,0,1,0
1464,0,1,0,0,1,0,0,0,0,0,1,0,1,0,0,1,0,0,0,0,1
1465,0,1,0,0,1,0,0,0,0,0,1,0,1,0,0,1,0,0,1,0,0
1466,0,1,0,0,1,0,0,0,0,0,1,0,0,1,0,0,0,1,0,1,0
1467,0,1,0,0,1,0,0,0,0,0,1,0,0,1,0,0,0,1,0,0,1
1468,0,1,0,0,1,0,0,0,0,0,1,0,0,1,0,0,0,1,1,0,0
1469,0,1,0,0,1,0,0,0,0,0,1,0,0,1,0,0,1,0,0,1,0
1470,0,1,0,0,1,0,0,0,0,0,1,0,0,1,0,0,1,0,0,0,1
1471,0,1,0,0,1,0,0,0,0,0,1,0,0,1,0,0,1,0,1,0,0
1472,0,1,0,0,1,0,0,0,0,0,1,0,0,1,0,1,0,0,0,1,0
1473,0,1,0,0,1,0,0,0,0,0,1,0,0,1,0,1,0,0,0,0,1
1474,0,1,0,0,1,0,0,0,0,0,1,0,0,1,0,1,0,0,1,0,0
1475,0,1,0,0,1,0,0,0,0,0,1,0,0,0,1,0,0,1,0,1,0
1476,0,1,0,0,1,0,0,0,0,0,1,0,0,0,1,0,0,1,0,0,1
1477,0,1,0,0,1,0,0,0,0,0,1,0,0,0,1,0,0,1,1,0,0
1478,0,1,0,0,1,0,0,0,0,0,1,0,0,0,1,0,1,0,0,1,0
1479,0,1,0,0,1,0,0,0,0,0,1,0,0,0,1,0,1,0,0,0,1
1480,0,1,0,0,1,0,0,0,0,0,1,0,0,0,1,0,1,0,1,0,0
1481,0,1,0,0,1,0,0,0,0,0,1,0,0,0,1,1,0,0,0,1,0
1482,0,1,0,0,1,0,0,0,0,0,1,0,0,0,1,1,0,0,0,0,1
1483,0,1,0,0,1,0,0,0,0,0,1,0,0,0,1,1,0,0,1,0,0
1484,0,1,0,0,1,0,0,0,0,0,0,1,1,0,0,0,0,1,0,1,0
1485,0,1,0,0,1,0,0,0,0,0,0,1,1,0,0,0,0,1,0,0,1
1486,0,1,0,0,1,0,0,0,0,0,0,1,1,0,0,0,0,1,1,0,0
1487,0,1,0,0,1,0,0,0,0,0,0,1,1,0,0,0,1,0,0,1,0
1488,0,1,0,0,1,0,0,0,0,0,0,1,1,0,0,0,1,0,0,0,1
1489,0,1,0,0,1,0,0,0,0,0,0,1,1,0,0,0,1,0,1,0,0
1490,0,1,0,0,1,0,0,0,0,0,0,1,1,0,0,1,0,0,0,1,0
1491,0,1,0,0,1,0,0,0,0,0,0,1,1,0,0,1,0,0,0,0,1
1492,0,1,0,0,1,0,0,0,0,0,0,1,1,0,0,1,0,0,1,0,0
1493,0,1,0,0,1,0,0,0,0,0,0,1,0,1,0,0,0,1,0,1,0
1494,0,1,0,0,1,0,0,0,0,0,0,1,0,1,0,0,0,1,0,0,1
1495,0,1,0,0,1,0,0,0,0,0,0,1,0,1,0,0,0,1,1,0,0
1496,0,1,0,0,1,0,0,0,0,0,0,1,0,1,0,0,1,0,0,1,0
1497,0,1,0,0,1,0,0,0,0,0,0,1,0,1,0,0,1,0,0,0,1
1498,0,1,0,0,1,0,0,0,0,0,0,1,0,1,0,0,1,0,1,0,0
1499,0,1,0,0,1,0,0,0,0,0,0,1,0,1,0,1,0,0,0,1,0
1500,0,1,0,0,1,0,0,0,0,0,0,1,0,1,0,1,0,0,0,0,1
1501,0,1,0,0,1,0,0,0,0,0,0,1,0,1,0,1,0,0,1,0,0
1502,0,1,0,0,1,0,0,0,0,0,0,1,0,0,1,0,0,1,0,1,0
1503,0,1,0,0,1,0,0,0,0,0,0,1,0,0,1,0,0,1,0,0,1
1504,0,1,0,0,1,0,0,0,0,0,0,1,0,0,1,0,0,1,1,0,0
1505,0,1,0,0,1,0,0,0,0,0,0,1,0,0,1,0,1,0,0,1,0
1506,0,1,0,0,1,0,0,0,0,0,0,1,0,0,1,0,1,0,0,0,1
1507,0,1,0,0,1,0,0,0,0,0,0,1,0,0,1,0,1,0,1,0,0
1508,0,1,0,0,1,0,0,0,0,0,0,1,0,0,1,1,0,0,0,1,0
1509,0,1,0,0,1,0,0,0,0,0,0,1,0,0,1,1,0,0,0,0,1
1510,0,1,0,0,1,0,0,0,0,0,0,1,0,0,1,1,0,0,1,0,0
1511,0,1,0,0,0,0,1,0,1,0,0,0,1,0,0,0,0,1,0,1,0
1512,0,1,0,0,0,0,1,0,1,0,0,0,1,0,0,0,0,1,0,0,1
1513,0,1,0,0,0,0,1,0,1,0,0,0,1,0,0,0,0,1,1,0,0
1514,0,1,0,0,0,0,1,0,1,0,0,0,1,0,0,0,1,0,0,1,0
1515,0,1,0,0,0,0,1,0,1,0,0,0,1,0,0,0,1,0,0,0,1
1516,0,1,0,0,0,0,1,0,1,0,0,0,1,0,0,0,1,0,1,0,0
1517,0,1,0,0,0,0,1,0,1,0,0,0,1,0,0,1,0,0,0,1,0
1518,0,1,0,0,0,0,1,0,1,0,0,0,1,0,0,1,0,0,0,0,1
1519,0,1,0,0,0,0,1,0,1,0,0,0,1,0,0,1,0,0,1,0,0
1520,0,1,0,0,0,0,1,0,1,0,0,0,0,1,0,0,0,1,0,1,0
1521,0,1,0,0,0,0,1,0,1,0,0,0,0,1,0,0,0,1,0,0,1
1522,0,1,0,0,0,0,1,0,1,0,0,0,0,1,0,0,0,1,1,0,0
1523,0,1,0,0,0,0,1,0,1,0,0,0,0,1,0,0,1,0,0,1,0
1524,0,1,0,0,0,0,1,0,1,0,0,0,0,1,0,0,1,0,0,0,1
1525,0,1,0,0,0,0,1,0,1,0,0,0,0,1,0,0,1,0,1,0,0
1526,0,1,0,0,0,0,1,0,1,0,0,0,0,1,0,1,0,0,0,1,0
1527,0,1,0,0,0,0,1,0,1,0,0,0,0,1,0,1,0,0,0,0,1
1528,0,1,0,0,0,0,1,0,1,0,0,0,0,1,0,1,0,0,1,0,0
1529,0,1,0,0,0,0,1,0,1,0,0,0,0,0,1,0,0,1,0,1,0
1530,0,1,0,0,0,0,1,0,1,0,0,0,0,0,1,0,0,1,0,0,1
1531,0,1,0,0,0,0,1,0,1,0,0,0,0,0,1,0,0,1,1,0,0
1532,0,1,0,0,0,0,1,0,1,0,0,0,0,0,1,0,1,0,0,1,0
1533,0,1,0,0,0,0,1,0,1,0,0,0,0,0,1,0,1,0,0,0,1
1534,0,1,0,0,0,0,1,0,1,0,0,0,0,0,1,0,1,0,1,0,0
1535,0,1,0,0,0,0,1,0,1,0,0,0,0,0,1,1,0,0,0,1,0
1536,0,1,0,0,0,0,1,0,1,0,0,0,0,0,1,1,0,0,0,0,1
1537,0,1,0,0,0,0,1,0,1,0,0,0,0,0,1,1,0,0,1,0,0
1538,0,1,0,0,0,0,1,0,0,1,0,0,1,0,0,0,0,1,0,1,0
1539,0,1,0,0,0,0,1,0,0,1,0,0,1,0,0,0,0,1,0,0,1
1540,0,1,0,0,0,0,1,0,0,1,0,0,1,0,0,0,0,1,1,0,0
1541,0,1,0,0,0,0,1,0,0,1,0,0,1,0,0,0,1,0,0,1,0
1542,0,1,0,0,0,0,1,0,0,1,0,0,1,0,0,0,1,0,0,0,1
1543,0,1,0,0,0,0,1,0,0,1,0,0,1,0,0,0,1,0,1,0,0
1544,0,1,0,0,0,0,1,0,0,1,0,0,1,0,0,1,0,0,0,1,0
1545,0,1,0,0,0,0,1,0,0,1,0,0,1,0,0,1,0,0,0,0,1
1546,0,1,0,0,0,0,1,0,0,1,0,0,1,0,0,1,0,0,1,0,0
1547,0,1,0,0,0,0,1,0,0,1,0,0,0,1,0,0,0,1,0,1,0
1548,0,1,0,0,0,0,1,0,0,1,0,0,0,1,0,0,0,1,0,0,1
1549,0,1,0,0,0,0,1,0,0,1,0,0,0,1,0,0,0,1,1,0,0
1550,0,1,0,0,0,0,1,0,0,1,0,0,0,1,0,0,1,0,0,1,0
1551,0,1,0,0,0,0,1,0,0,1,0,0,0,1,0,0,1,0,0,0,1
1552,0,1,0,0,0,0,1,0,0,1,0,0,0,1,0,0,1,0,1,0,0
1553,0,1,0,0,0,0,1,0,0,1,0,0,0,1,0,1,0,0,0,1,0
1554,0,1,0,0,0,0,1,0,0,1,0,0,0,1,0,1,0,0,0,0,1
1555,0,1,0,0,0,0,1,0,0,1,0,0,0,1,0,1,0,0,1,0,0
1556,0,1,0,0,0,0,1,0,0,1,0,0,0,0,1,0,0,1,0,1,0
1557,0,1,0,0,0,0,1,0,0,1,0,0,0,0,1,0,0,1,0,0,1
1558,0,1,0,0,0,0,1,0,0,1,0,0,0,0,1,0,0,1,1,0,0
1559,0,1,0,0,0,0,1,0,0,1,0,0,0,0,1,0,1,0,0,1,0
1560,0,1,0,0,0,0,1,0,0,1,0,0,0,0,1,0,1,0,0,0,1
1561,0,1,0,0,0,0,1,0,0,1,0,0,0,0,1,0,1,0,1,0,0
1562,0,1,0,0,0,0,1,0,0,1,0,0,0,0,1,1,0,0,0,1,0
1563,0,1,0,0,0,0,1,0,0,1,0,0,0,0,1,1,0,0,0,0,1
1564,0,1,0,0,0,0,1,0,0,1,0,0,0,0,1,1,0,0,1,0,0
1565,0,1,0,0,0,0,1,0,0,0,1,0,1,0,0,0,0,1,0,1,0
1566,0,1,0,0,0,0,1,0,0,0,1,0,1,0,0,0,0,1,0,0,1
1567,0,1,0,0,0,0,1,0,0,0,1,0,1,0,0,0,0,1,1,0,0
1568,0,1,0,0,0,0,1,0,0,0,1,0,1,0,0,0,1,0,0,1,0
1569,0,1,0,0,0,0,1,0,0,0,1,0,1,0,0,0,1,0,0,0,1
1570,0,1,0,0,0,0,1,0,0,0,1,0,1,0,0,0,1,0,1,0,0
1571,0,1,0,0,0,0,1,0,0,0,1,0,1,0,0,1,0,0,0,1,0
1572,0,1,0,0,0,0,1,0,0,0,1,0,1,0,0,1,0,0,0,0,1
1573,0,1,0,0,0,0,1,0,0,0,1,0,1,0,0,1,0,0,1,0,0
1574,0,1,0,0,0,0,1,0,0,0,1,0,0,1,0,0,0,1,0,1,0
1575,0,1,0,0,0,0,1,0,0,0,1,0,0,1,0,0,0,1,0,0,1
1576,0,1,0,0,0,0,1,0,0,0,1,0,0,1,0,0,0,1,1,0,0
1577,0,1,0,0,0,0,1,0,0,0,1,0,0,1,0,0,1,0,0,1,0
1578,0,1,0,0,0,0,1,0,0,0,1,0,0,1,0,0,1,0,0,0,1
1579,0,1,0,0,0,0,1,0,0,0,1,0,0,1,0,0,1,0,1,0,0
1580,0,1,0,0,0,0,1,0,0,0,1,0,0,1,0,1,0,0,0,1,0
1581,0,1,0,0,0,0,1,0,0,0,1,0,0,1,0,1,0,0,0,0,1
1582,0,1,0,0,0,0,1,0,0,0,1,0,0,1,0,1,0,0,1,0,0
1583,0,1,0,0,0,0,1,0,0,0,1,0,0,0,1,0,0,1,0,1,0
1584,0,1,0,0,0,0,1,0,0,0,1,0,0,0,1,0,0,1,0,0,1
1585,0,1,0,0,0,0,1,0,0,0,1,0,0,0,1,0,0,1,1,0,0
1586,0,1,0,0,0,0,1,0,0,0,1,0,0,0,1,0,1,0,0,1,0
1587,0,1,0,0,0,0,1,0,0,0,1,0,0,0,1,0,1,0,0,0,1
1588,0,1,0,0,0,0,1,0,0,0,1,0,0,0,1,0,1,0,1,0,0
1589,0,1,0,0,0,0,1,0,0,0,1,0,0,0,1,1,0,0,0,1,0
1590,0,1,0,0,0,0,1,0,0,0,1,0,0,0,1,1,0,0,0,0,1
1591,0,1,0,0,0,0,1,0,0,0,1,0,0,0,1,1,0,0,1,0,0
1592,0,1,0,0,0,0,1,0,0,0,0,1,1,0,0,0,0,1,0,1,0
1593,0,1,0,0,0,0,1,0,0,0,0,1,1,0,0,0,0,1,0,0,1
1594,0,1,0,0,0,0,1,0,0,0,0,1,1,0,0,0,0,1,1,0,0
1595,0,1,0,0,0,0,1,0,0,0,0,1,1,0,0,0,1,0,0,1,0
1596,0,1,0,0,0,0,1,0,0,0,0,1,1,0,0,0,1,0,0,0,1
1597,0,1,0,0,0,0,1,0,0,0,0,1,1,0,0,0,1,0,1,0,0
1598,0,1,0,0,0,0,1,0,0,0,0,1,1,0,0,1,0,0,0,1,0
1599,0,1,0,0,0,0,1,0,0,0,0,1,1,0,0,1,0,0,0,0,1
1600,0,1,0,0,0,0,1,0,0,0,0,1,1,0,0,1,0,0,1,0,0
1601,0,1,0,0,0,0,1,0,0,0,0,1,0,1,0,0,0,1,0,1,0
1602,0,1,0,0,0,0,1,0,0,0,0,1,0,1,0,0,0,1,0,0,1
1603,0,1,0,0,0,0,1,0,0,0,0,1,0,1,0,0,0,1,1,0,0
1604,0,1,0,0,0,0,1,0,0,0,0,1,0,1,0,0,1,0,0,1,0
1605,0,1,0,0,0,0,1,0,0,0,0,1,0,1,0,0,1,0,0,0,1
1606,0,1,0,0,0,0,1,0,0,0,0,1,0,1,0,0,1,0,1,0,0
1607,0,1,0,0,0,0,1,0,0,0,0,1,0,1,0,1,0,0,0,1,0
1608,0,1,0,0,0,0,1,0,0,0,0,1,0,1,0,1,0,0,0,0,1
1609,0,1,0,0,0,0,1,0,0,0,0,1,0,1,0,1,0,0,1,0,0
1610,0,1,0,0,0,0,1,0,0,0,0,1,0,0,1,0,0,1,0,1,0
1611,0,1,0,0,0,0,1,0,0,0,0,1,0,0,1,0,0,1,0,0,1
1612,0,1,0,0,0,0,1,0,0,0,0,1,0,0,1,0,0,1,1,0,0
1613,0,1,0,0,0,0,1,0,0,0,0,1,0,0,1,0,1,0,0,1,0
1614,0,1,0,0,0,0,1,0,0,0,0,1,0,0,1,0,1,0,0,0,1
1615,0,1,0,0,0,0,1,0,0,0,0,1,0,0,1,0,1,0,1,0,0
1616,0,1,0,0,0,0,1,0,0,0,0,1,0,0,1,1,0,0,0,1,0
1617,0,1,0,0,0,0,1,0,0,0,0,1,0,0,1,1,0,0,0,0,1
1618,0,1,0,0,0,0,1,0,0,0,0,1,0,0,1,1,0,0,1,0,0
1619,0,1,0,0,0,1,0,0,1,0,0,0,1,0,0,0,0,1,0,1,0
1620,0,1,0,0,0,1,0,0,1,0,0,0,1,0,0,0,0,1,0,0,1
1621,0,1,0,0,0,1,0,0,1,0,0,0,1,0,0,0,0,1,1,0,0
1622,0,1,0,0,0,1,0,0,1,0,0,0,1,0,0,0,1,0,0,1,0
1623,0,1,0,0,0,1,0,0,1,0,0,0,1,0,0,0,1,0,0,0,1
1624,0,1,0,0,0,1,0,0,1,0,0,0,1,0,0,0,1,0,1,0,0
1625,0,1,0,0,0,1,0,0,1,0,0,0,1,0,0,1,0,0,0,1,0
1626,0,1,0,0,0,1,0,0,1,0,0,0,1,0,0,1,0,0,0,0,1
1627,0,1,0,0,0,1,0,0,1,0,0,0,1,0,0,1,0,0,1,0,0
1628,0,1,0,0,0,1,0,0,1,0,0,0,0,1,0,0,0,1,0,1,0
1629,0,1,0,0,0,1,0,0,1,0,0,0,0,1,0,0,0,1,0,0,1
1630,0,1,0,0,0,1,0,0,1,0,0,0,0,1,0,0,0,1,1,0,0
1631,0,1,0,0,0,1,0,0,1,0,0,0,0,1,0,0,1,0,0,1,0
1632,0,1,0,0,0,1,0,0,1,0,0,0,0,1,0,0,1,0,0,0,1
1633,0,1,0,0,0,1,0,0,1,0,0,0,0,1,0,0,1,0,1,0,0
1634,0,1,0,0,0,1,0,0,1,0,0,0,0,1,0,1,0,0,0,1,0
1635,0,1,0,0,0,1,0,0,1,0,0,0,0,1,0,1,0,0,0,0,1
1636,0,1,0,0,0,1,0,0,1,0,0,0,0,1,0,1,0,0,1,0,0
1637,0,1,0,0,0,1,0,0,1,0,0,0,0,0,1,0,0,1,0,1,0
1638,0,1,0,0,0,1,0,0,1,0,0,0,0,0,1,0,0,1,0,0,1
1639,0,1,0,0,0,1,0,0,1,0,0,0,0,0,1,0,0,1,1,0,0
1640,0,1,0,0,0,1,0,0,1,0,0,0,0,0,1,0,1,0,0,1,0
1641,0,1,0,0,0,1,0,0,1,0,0,0,0,0,1,0,1,0,0,0,1
1642,0,1,0,0,0,1,0,0,1,0,0,0,0,0,1,0,1,0,1,0,0
1643,0,1,0,0,0,1,0,0,1,0,0,0,0,0,1,1,0,0,0,1,0
1644,0,1,0,0,0,1,0,0,1,0,0,0,0,0,1,1,0,0,0,0,1
1645,0,1,0,0,0,1,0,0,1,0,0,0,0,0,1,1,0,0,1,0,0
1646,0,1,0,0,0,1,0,0,0,1,0,0,1,0,0,0,0,1,0,1,0
1647,0,1,0,0,0,1,0,0,0,1,0,0,1,0,0,0,0,1,0,0,1
1648,0,1,0,0,0,1,0,0,0,1,0,0,1,0,0,0,0,1,1,0,0
1649,0,1,0,0,0,1,0,0,0,1,0,0,1,0,0,0,1,0,0,1,0
1650,0,1,0,0,0,1,0,0,0,1,0,0,1,0,0,0,1,0,0,0,1
1651,0,1,0,0,0,1,0,0,0,1,0,0,1,0,0,0,1,0,1,0,0
1652,0,1,0,0,0,1,0,0,0,1,0,0,1,0,0,1,0,0,0,1,0
1653,0,1,0,0,0,1,0,0,0,1,0,0,1,0,0,1,0,0,0,0,1
1654,0,1,0,0,0,1,0,0,0,1,0,0,1,0,0,1,0,0,1,0,0
1655,0,1,0,0,0,1,0,0,0,1,0,0,0,1,0,0,0,1,0,1,0
1656,0,1,0,0,0,1,0,0,0,1,0,0,0,1,0,0,0,1,0,0,1
1657,0,1,0,0,0,1,0,0,0,1,0,0,0,1,0,0,0,1,1,0,0
1658,0,1,0,0,0,1,0,0,0,1,0,0,0,1,0,0,1,0,0,1,0
1659,0,1,0,0,0,1,0,0,0,1,0,0,0,1,0,0,1,0,0,0,1
1660,0,1,0,0,0,1,0,0,0,1,0,0,0,1,0,0,1,0,1,0,0
1661,0,1,0,0,0,1,0,0,0,1,0,0,0,1,0,1,0,0,0,1,0
1662,0,1,0,0,0,1,0,0,0,1,0,0,0,1,0,1,0,0,0,0,1
1663,0,1,0,0,0,1,0,0,0,1,0,0,0,1,0,1,0,0,1,0,0
1664,0,1,0,0,0,1,0,0,0,1,0,0,0,0,1,0,0,1,0,1,0
1665,0,1,0,0,0,1,0,0,0,1,0,0,0,0,1,0,0,1,0,0,1
1666,0,1,0,0,0,1,0,0,0,1,0,0,0,0,1,0,0,1,1,0,0
1667,0,1,0,0,0,1,0,0,0,1,0,0,0,0,1,0,1,0,0,1,0
1668,0,1,0,0,0,1,0,0,0,1,0,0,0,0,1,0,1,0,0,0,1
1669,0,1,0,0,0,1,0,0,0,1,0,0,0,0,1,0,1,0,1,0,0
1670,0,1,0,0,0,1,0,0,0,1,0,0,0,0,1,1,0,0,0,1,0
1671,0,1,0,0,0,1,0,0,0,1,0,0,0,0,1,1,0,0,0,0,1
1672,0,1,0,0,0,1,0,0,0,1,0,0,0,0,1,1,0,0,1,0,0
1673,0,1,0,0,0,1,0,0,0,0,1,0,1,0,0,0,0,1,0,1,0
1674,0,1,0,0,0,1,0,0,0,0,1,0,1,0,0,0,0,1,0,0,1
1675,0,1,0,0,0,1,0,0,0,0,1,0,1,0,0,0,0,1,1,0,0
1676,0,1,0,0,0,1,0,0,0,0,1,0,1,0,0,0,1,0,0,1,0
1677,0,1,0,0,0,1,0,0,0,0,1,0,1,0,0,0,1,0,0,0,1
1678,0,1,0,0,0,1,0,0,0,0,1,0,1,0,0,0,1,0,1,0,0
1679,0,1,0,0,0,1,0,0,0,0,1,0,1,0,0,1,0,0,0,1,0
1680,0,1,0,0,0,1,0,0,0,0,1,0,1,0,0,1,0,0,0,0,1
1681,0,1,0,0,0,1,0,0,0,0,1,0,1,0,0,1,0,0,1,0,0
1682,0,1,0,0,0,1,0,0,0,0,1,0,0,1,0,0,0,1,0,1,0
1683,0,1,0,0,0,1,0,0,0,0,1,0,0,1,0,0,0,1,0,0,1
1684,0,1,0,0,0,1,0,0,0,0,1,0,0,1,0,0,0,1,1,0,0
1685,0,1,0,0,0,1,0,0,0,0,1,0,0,1,0,0,1,0,0,1,0
1686,0,1,0,0,0,1,0,0,0,0,1,0,0,1,0,0,1,0,0,0,1
1687,0,1,0,0,0,1,0,0,0,0,1,0,0,1,0,0,1,0,1,0,0
1688,0,1,0,0,0,1,0,0,0,0,1,0,0,1,0,1,0,0,0,1,0
1689,0,1,0,0,0,1,0,0,0,0,1,0,0,1,0,1,0,0,0,0,1
1690,0,1,0,0,0,1,0,0,0,0,1,0,0,1,0,1,0,0,1,0,0
1691,0,1,0,0,0,1,0,0,0,0,1,0,0,0,1,0,0,1,0,1,0
1692,0,1,0,0,0,1,0,0,0,0,1,0,0,0,1,0,0,1,0,0,1
1693,0,1,0,0,0,1,0,0,0,0,1,0,0,0,1,0,0,1,1,0,0
1694,0,1,0,0,0,1,0,0,0,0,1,0,0,0,1,0,1,0,0,1,0
1695,0,1,0,0,0,1,0,0,0,0,1,0,0,0,1,0,1,0,0,0,1
1696,0,1,0,0,0,1,0,0,0,0,1,0,0,0,1,0,1,0,1,0,0
1697,0,1,0,0,0,1,0,0,0,0,1,0,0,0,1,1,0,0,0,1,0
1698,0,1,0,0,0,1,0,0,0,0,1,0,0,0,1,1,0,0,0,0,1
1699,0,1,0,0,0,1,0,0,0,0,1,0,0,0,1,1,0,0,1,0,0
1700,0,1,0,0,0,1,0,0,0,0,0,1,1,0,0,0,0,1,0,1,0
1701,0,1,0,0,0,1,0,0,0,0,0,1,1,0,0,0,0,1,0,0,1
1702,0,1,0,0,0,1,0,0,0,0,0,1,1,0,0,0,0,1,1,0,0
1703,0,1,0,0,0,1,0,0,0,0,0,1,1,0,0,0,1,0,0,1,0
1704,0,1,0,0,0,1,0,0,0,0,0,1,1,0,0,0,1,0,0,0,1
1705,0,1,0,0,0,1,0,0,0,0,0,1,1,0,0,0,1,0,1,0,0
1706,0,1,0,0,0,1,0,0,0,0,0,1,1,0,0,1,0,0,0,1,0
1707,0,1,0,0,0,1,0,0,0,0,0,1,1,0,0,1,0,0,0,0,1
1708,0,1,0,0,0,1,0,0,0,0,0,1,1,0,0,1,0,0,1,0,0
1709,0,1,0,0,0,1,0,0,0,0,0,1,0,1,0,0,0,1,0,1,0
1710,0,1,0,0,0,1,0,0,0,0,0,1,0,1,0,0,0,1,0,0,1
1711,0,1,0,0,0,1,0,0,0,0,0,1,0,1,0,0,0,1,1,0,0
1712,0,1,0,0,0,1,0,0,0,0,0,1,0,1,0,0,1,0,0,1,0
1713,0,1,0,0,0,1,0,0,0,0,0,1,0,1,0,0,1,0,0,0,1
1714,0,1,0,0,0,1,0,0,0,0,0,1,0,1,0,0,1,0,1,0,0
1715,0,1,0,0,0,1,0,0,0,0,0,1,0,1,0,1,0,0,0,1,0
1716,0,1,0,0,0,1,0,0,0,0,0,1,0,1,0,1,0,0,0,0,1
1717,0,1,0,0,0,1,0,0,0,0,0,1,0,1,0,1,0,0,1,0,0
1718,0,1,0,0,0,1,0,0,0,0,0,1,0,0,1,0,0,1,0,1,0
1719,0,1,0,0,0,1,0,0,0,0,0,1,0,0,1,0,0,1,0,0,1
1720,0,1,0,0,0,1,0,0,0,0,0,1,0,0,1,0,0,1,1,0,0
1721,0,1,0,0,0,1,0,0,0,0,0,1,0,0,1,0,1,0,0,1,0
1722,0,1,0,0,0,1,0,0,0,0,0,1,0,0,1,0,1,0,0,0,1
1723,0,1,0,0,0,1,0,0,0,0,0,1,0,0,1,0,1,0,1,0,0
1724,0,1,0,0,0,1,0,0,0,0,0,1,0,0,1,1,0,0,0,1,0
1725,0,1,0,0,0,1,0,0,0,0,0,1,0,0,1,1,0,0,0,0,1
1726,0,1,0,0,0,1,0,0,0,0,0,1,0,0,1,1,0,0,1,0,0
