,persons_2,persons_4,persons_more,safety_high,safety_low,safety_med
0,1,0,0,0,0,1
1,1,0,0,1,0,0
2,1,0,0,0,1,0
3,1,0,0,0,0,1
4,1,0,0,1,0,0
5,1,0,0,0,1,0
6,1,0,0,0,0,1
7,1,0,0,1,0,0
8,0,1,0,0,1,0
9,0,1,0,0,0,1
10,0,1,0,1,0,0
11,0,1,0,0,1,0
12,0,1,0,0,0,1
13,0,1,0,1,0,0
14,0,1,0,0,1,0
15,0,1,0,0,0,1
16,0,1,0,1,0,0
17,0,0,1,0,1,0
18,0,0,1,0,0,1
19,0,0,1,1,0,0
20,0,0,1,0,1,0
21,0,0,1,0,0,1
22,0,0,1,1,0,0
23,0,0,1,0,1,0
24,0,0,1,0,0,1
25,0,0,1,1,0,0
26,1,0,0,0,1,0
27,1,0,0,0,0,1
28,1,0,0,1,0,0
29,1,0,0,0,1,0
30,1,0,0,0,0,1
31,1,0,0,1,0,0
32,1,0,0,0,1,0
33,1,0,0,0,0,1
34,1,0,0,1,0,0
35,0,1,0,0,1,0
36,0,1,0,0,0,1
37,0,1,0,1,0,0
38,0,1,0,0,1,0
39,0,1,0,0,0,1
40,0,1,0,1,0,0
41,0,1,0,0,1,0
42,0,1,0,0,0,1
43,0,1,0,1,0,0
44,0,0,1,0,1,0
45,0,0,1,0,0,1
46,0,0,1,1,0,0
47,0,0,1,0,1,0
48,0,0,1,0,0,1
49,0,0,1,1,0,0
50,0,0,1,0,1,0
51,0,0,1,0,0,1
52,0,0,1,1,0,0
53,1,0,0,0,1,0
54,1,0,0,0,0,1
55,1,0,0,1,0,0
56,1,0,0,0,1,0
57,1,0,0,0,0,1
58,1,0,0,1,0,0
59,1,0,0,0,1,0
60,1,0,0,0,0,1
61,1,0,0,1,0,0
62,0,1,0,0,1,0
63,0,1,0,0,0,1
64,0,1,0,1,0,0
65,0,1,0,0,1,0
66,0,1,0,0,0,1
67,0,1,0,1,0,0
68,0,1,0,0,1,0
69,0,1,0,0,0,1
70,0,1,0,1,0,0
71,0,0,1,0,1,0
72,0,0,1,0,0,1
73,0,0,1,1,0,0
74,0,0,1,0,1,0
75,0,0,1,0,0,1
76,0,0,1,1,0,0
77,0,0,1,0,1,0
78,0,0,1,0,0,1
79,0,0,1,1,0,0
80,1,0,0,0,1,0
81,1,0,0,0,0,1
82,1,0,0,1,0,0
83,1,0,0,0,1,0
84,1,0,0,0,0,1
85,1,0,0,1,0,0
86,1,0,0,0,1,0
87,1,0,0,0,0,1
88,1,0,0,1,0,0
89,0,1,0,0,1,0
90,0,1,0,0,0,1
91,0,1,0,1,0,0
92,0,1,0,0,1,0
93,0,1,0,0,0,1
94,0,1,0,1,0,0
95,0,1,0,0,1,0
96,0,1,0,0,0,1
97,0,1,0,1,0,0
98,0,0,1,0,1,0
99,0,0,1,0,0,1
100,0,0,1,1,0,0
101,0,0,1,0,1,0
102,0,0,1,0,0,1
103,0,0,1,1,0,0
104,0,0,1,0,1,0
105,0,0,1,0,0,1
106,0,0,1,1,0,0
107,1,0,0,0,1,0
108,1,0,0,0,0,1
109,1,0,0,1,0,0
110,1,0,0,0,1,0
111,1,0,0,0,0,1
112,1,0,0,1,0,0
113,1,0,0,0,1,0
114,1,0,0,0,0,1
115,1,0,0,1,0,0
116,0,1,0,0,1,0
117,0,1,0,0,0,1
118,0,1,0,1,0,0
119,0,1,0,0,1,0
120,0,1,0,0,0,1
121,0,1,0,1,0,0
122,0,1,0,0,1,0
123,0,1,0,0,0,1
124,0,1,0,1,0,0
125,0,0,1,0,1,0
126,0,0,1,0,0,1
127,0,0,1,1,0,0
128,0,0,1,0,1,0
129,0,0,1,0,0,1
130,0,0,1,1,0,0
131,0,0,1,0,1,0
132,0,0,1,0,0,1
133,0,0,1,1,0,0
134,1,0,0,0,1,0
135,1,0,0,0,0,1
136,1,0,0,1,0,0
137,1,0,0,0,1,0
138,1,0,0,0,0,1
139,1,0,0,1,0,0
140,1,0,0,0,1,0
141,1,0,0,0,0,1
142,1,0,0,1,0,0
143,0,1,0,0,1,0
144,0,1,0,0,0,1
145,0,1,0,1,0,0
146,0,1,0,0,1,0
147,0,1,0,0,0,1
148,0,1,0,1,0,0
149,0,1,0,0,1,0
150,0,1,0,0,0,1
151,0,1,0,1,0,0
152,0,0,1,0,1,0
153,0,0,1,0,0,1
154,0,0,1,1,0,0
155,0,0,1,0,1,0
156,0,0,1,0,0,1
157,0,0,1,1,0,0
158,0,0,1,0,1,0
159,0,0,1,0,0,1
160,0,0,1,1,0,0
161,1,0,0,0,1,0
162,1,0,0,0,0,1
163,1,0,0,1,0,0
164,1,0,0,0,1,0
165,1,0,0,0,0,1
166,1,0,0,1,0,0
167,1,0,0,0,1,0
168,1,0,0,0,0,1
169,1,0,0,1,0,0
170,0,1,0,0,1,0
171,0,1,0,0,0,1
172,0,1,0,1,0,0
173,0,1,0,0,1,0
174,0,1,0,0,0,1
175,0,1,0,1,0,0
176,0,1,0,0,1,0
177,0,1,0,0,0,1
178,0,1,0,1,0,0
179,0,0,1,0,1,0
180,0,0,1,0,0,1
181,0,0,1,1,0,0
182,0,0,1,0,1,0
183,0,0,1,0,0,1
184,0,0,1,1,0,0
185,0,0,1,0,1,0
186,0,0,1,0,0,1
187,0,0,1,1,0,0
188,1,0,0,0,1,0
189,1,0,0,0,0,1
190,1,0,0,1,0,0
191,1,0,0,0,1,0
192,1,0,0,0,0,1
193,1,0,0,1,0,0
194,1,0,0,0,1,0
195,1,0,0,0,0,1
196,1,0,0,1,0,0
197,0,1,0,0,1,0
198,0,1,0,0,0,1
199,0,1,0,1,0,0
200,0,1,0,0,1,0
201,0,1,0,0,0,1
202,0,1,0,1,0,0
203,0,1,0,0,1,0
204,0,1,0,0,0,1
205,0,1,0,1,0,0
206,0,0,1,0,1,0
207,0,0,1,0,0,1
208,0,0,1,1,0,0
209,0,0,1,0,1,0
210,0,0,1,0,0,1
211,0,0,1,1,0,0
212,0,0,1,0,1,0
213,0,0,1,0,0,1
214,0,0,1,1,0,0
215,1,0,0,0,1,0
216,1,0,0,0,0,1
217,1,0,0,1,0,0
218,1,0,0,0,1,0
219,1,0,0,0,0,1
220,1,0,0,1,0,0
221,1,0,0,0,1,0
222,1,0,0,0,0,1
223,1,0,0,1,0,0
224,0,1,0,0,1,0
225,0,1,0,0,0,1
226,0,1,0,1,0,0
227,0,1,0,0,1,0
228,0,1,0,0,0,1
229,0,1,0,1,0,0
230,0,1,0,0,1,0
231,0,1,0,0,0,1
232,0,1,0,1,0,0
233,0,0,1,0,1,0
234,0,0,1,0,0,1
235,0,0,1,1,0,0
236,0,0,1,0,1,0
237,0,0,1,0,0,1
238,0,0,1,1,0,0
239,0,0,1,0,1,0
240,0,0,1,0,0,1
241,0,0,1,1,0,0
242,1,0,0,0,1,0
243,1,0,0,0,0,1
244,1,0,0,1,0,0
245,1,0,0,0,1,0
246,1,0,0,0,0,1
247,1,0,0,1,0,0
248,1,0,0,0,1,0
249,1,0,0,0,0,1
250,1,0,0,1,0,0
251,0,1,0,0,1,0
252,0,1,0,0,0,1
253,0,1,0,1,0,0
254,0,1,0,0,1,0
255,0,1,0,0,0,1
256,0,1,0,1,0,0
257,0,1,0,0,1,0
258,0,1,0,0,0,1
259,0,1,0,1,0,0
260,0,0,1,0,1,0
261,0,0,1,0,0,1
262,0,0,1,1,0,0
263,0,0,1,0,1,0
264,0,0,1,0,0,1
265,0,0,1,1,0,0
266,0,0,1,0,1,0
267,0,0,1,0,0,1
268,0,0,1,1,0,0
269,1,0,0,0,1,0
270,1,0,0,0,0,1
271,1,0,0,1,0,0
272,1,0,0,0,1,0
273,1,0,0,0,0,1
274,1,0,0,1,0,0
275,1,0,0,0,1,0
276,1,0,0,0,0,1
277,1,0,0,1,0,0
278,0,1,0,0,1,0
279,0,1,0,0,0,1
280,0,1,0,1,0,0
281,0,1,0,0,1,0
282,0,1,0,0,0,1
283,0,1,0,1,0,0
284,0,1,0,0,1,0
285,0,1,0,0,0,1
286,0,1,0,1,0,0
287,0,0,1,0,1,0
288,0,0,1,0,0,1
289,0,0,1,1,0,0
290,0,0,1,0,1,0
291,0,0,1,0,0,1
292,0,0,1,1,0,0
293,0,0,1,0,1,0
294,0,0,1,0,0,1
295,0,0,1,1,0,0
296,1,0,0,0,1,0
297,1,0,0,0,0,1
298,1,0,0,1,0,0
299,1,0,0,0,1,0
300,1,0,0,0,0,1
301,1,0,0,1,0,0
302,1,0,0,0,1,0
303,1,0,0,0,0,1
304,1,0,0,1,0,0
305,0,1,0,0,1,0
306,0,1,0,0,0,1
307,0,1,0,1,0,0
308,0,1,0,0,1,0
309,0,1,0,0,0,1
310,0,1,0,1,0,0
311,0,1,0,0,1,0
312,0,1,0,0,0,1
313,0,1,0,1,0,0
314,0,0,1,0,1,0
315,0,0,1,0,0,1
316,0,0,1,1,0,0
317,0,0,1,0,1,0
318,0,0,1,0,0,1
319,0,0,1,1,0,0
320,0,0,1,0,1,0
321,0,0,1,0,0,1
322,0,0,1,1,0,0
323,1,0,0,0,1,0
324,1,0,0,0,0,1
325,1,0,0,1,0,0
326,1,0,0,0,1,0
327,1,0,0,0,0,1
328,1,0,0,1,0,0
329,1,0,0,0,1,0
330,1,0,0,0,0,1
331,1,0,0,1,0,0
332,0,1,0,0,1,0
333,0,1,0,0,0,1
334,0,1,0,1,0,0
335,0,1,0,0,1,0
336,0,1,0,0,0,1
337,0,1,0,1,0,0
338,0,1,0,0,1,0
339,0,1,0,0,0,1
340,0,1,0,1,0,0
341,0,0,1,0,1,0
342,0,0,1,0,0,1
343,0,0,1,1,0,0
344,0,0,1,0,1,0
345,0,0,1,0,0,1
346,0,0,1,1,0,0
347,0,0,1,0,1,0
348,0,0,1,0,0,1
349,0,0,1,1,0,0
350,1,0,0,0,1,0
351,1,0,0,0,0,1
352,1,0,0,1,0,0
353,1,0,0,0,1,0
354,1,0,0,0,0,1
355,1,0,0,1,0,0
356,1,0,0,0,1,0
357,1,0,0,0,0,1
358,1,0,0,1,0,0
359,0,1,0,0,1,0
360,0,1,0,0,0,1
361,0,1,0,1,0,0
362,0,1,0,0,1,0
363,0,1,0,0,0,1
364,0,1,0,1,0,0
365,0,1,0,0,1,0
366,0,1,0,0,0,1
367,0,1,0,1,0,0
368,0,0,1,0,1,0
369,0,0,1,0,0,1
370,0,0,1,1,0,0
371,0,0,1,0,1,0
372,0,0,1,0,0,1
373,0,0,1,1,0,0
374,0,0,1,0,1,0
375,0,0,1,0,0,1
376,0,0,1,1,0,0
377,1,0,0,0,1,0
378,1,0,0,0,0,1
379,1,0,0,1,0,0
380,1,0,0,0,1,0
381,1,0,0,0,0,1
382,1,0,0,1,0,0
383,1,0,0,0,1,0
384,1,0,0,0,0,1
385,1,0,0,1,0,0
386,0,1,0,0,1,0
387,0,1,0,0,0,1
388,0,1,0,1,0,0
389,0,1,0,0,1,0
390,0,1,0,0,0,1
391,0,1,0,1,0,0
392,0,1,0,0,1,0
393,0,1,0,0,0,1
394,0,1,0,1,0,0
395,0,0,1,0,1,0
396,0,0,1,0,0,1
397,0,0,1,1,0,0
398,0,0,1,0,1,0
399,0,0,1,0,0,1
400,0,0,1,1,0,0
401,0,0,1,0,1,0
402,0,0,1,0,0,1
403,0,0,1,1,0,0
404,1,0,0,0,1,0
405,1,0,0,0,0,1
406,1,0,0,1,0,0
407,1,0,0,0,1,0
408,1,0,0,0,0,1
409,1,0,0,1,0,0
410,1,0,0,0,1,0
411,1,0,0,0,0,1
412,1,0,0,1,0,0
413,0,1,0,0,1,0
414,0,1,0,0,0,1
415,0,1,0,1,0,0
416,0,1,0,0,1,0
417,0,1,0,0,0,1
418,0,1,0,1,0,0
419,0,1,0,0,1,0
420,0,1,0,0,0,1
421,0,1,0,1,0,0
422,0,0,1,0,1,0
423,0,0,1,0,0,1
424,0,0,1,1,0,0
425,0,0,1,0,1,0
426,0,0,1,0,0,1
427,0,0,1,1,0,0
428,0,0,1,0,1,0
429,0,0,1,0,0,1
430,0,0,1,1,0,0
431,1,0,0,0,1,0
432,1,0,0,0,0,1
433,1,0,0,1,0,0
434,1,0,0,0,1,0
435,1,0,0,0,0,1
436,1,0,0,1,0,0
437,1,0,0,0,1,0
438,1,0,0,0,0,1
439,1,0,0,1,0,0
440,0,1,0,0,1,0
441,0,1,0,0,0,1
442,0,1,0,1,0,0
443,0,1,0,0,1,0
444,0,1,0,0,0,1
445,0,1,0,1,0,0
446,0,1,0,0,1,0
447,0,1,0,0,0,1
448,0,1,0,1,0,0
449,0,0,1,0,1,0
450,0,0,1,0,0,1
451,0,0,1,1,0,0
452,0,0,1,0,1,0
453,0,0,1,0,0,1
454,0,0,1,1,0,0
455,0,0,1,0,1,0
456,0,0,1,0,0,1
457,0,0,1,1,0,0
458,1,0,0,0,1,0
459,1,0,0,0,0,1
460,1,0,0,1,0,0
461,1,0,0,0,1,0
462,1,0,0,0,0,1
463,1,0,0,1,0,0
464,1,0,0,0,1,0
465,1,0,0,0,0,1
466,1,0,0,1,0,0
467,0,1,0,0,1,0
468,0,1,0,0,0,1
469,0,1,0,1,0,0
470,0,1,0,0,1,0
471,0,1,0,0,0,1
472,0,1,0,1,0,0
473,0,1,0,0,1,0
474,0,1,0,0,0,1
475,0,1,0,1,0,0
476,0,0,1,0,1,0
477,0,0,1,0,0,1
478,0,0,1,1,0,0
479,0,0,1,0,1,0
480,0,0,1,0,0,1
481,0,0,1,1,0,0
482,0,0,1,0,1,0
483,0,0,1,0,0,1
484,0,0,1,1,0,0
485,1,0,0,0,1,0
486,1,0,0,0,0,1
487,1,0,0,1,0,0
488,1,0,0,0,1,0
489,1,0,0,0,0,1
490,1,0,0,1,0,0
491,1,0,0,0,1,0
492,1,0,0,0,0,1
493,1,0,0,1,0,0
494,0,1,0,0,1,0
495,0,1,0,0,0,1
496,0,1,0,1,0,0
497,0,1,0,0,1,0
498,0,1,0,0,0,1
499,0,1,0,1,0,0
500,0,1,0,0,1,0
501,0,1,0,0,0,1
502,0,1,0,1,0,0
503,0,0,1,0,1,0
504,0,0,1,0,0,1
505,0,0,1,1,0,0
506,0,0,1,0,1,0
507,0,0,1,0,0,1
508,0,0,1,1,0,0
509,0,0,1,0,1,0
510,0,0,1,0,0,1
511,0,0,1,1,0,0
512,1,0,0,0,1,0
513,1,0,0,0,0,1
514,1,0,0,1,0,0
515,1,0,0,0,1,0
516,1,0,0,0,0,1
517,1,0,0,1,0,0
518,1,0,0,0,1,0
519,1,0,0,0,0,1
520,1,0,0,1,0,0
521,0,1,0,0,1,0
522,0,1,0,0,0,1
523,0,1,0,1,0,0
524,0,1,0,0,1,0
525,0,1,0,0,0,1
526,0,1,0,1,0,0
527,0,1,0,0,1,0
528,0,1,0,0,0,1
529,0,1,0,1,0,0
530,0,0,1,0,1,0
531,0,0,1,0,0,1
532,0,0,1,1,0,0
533,0,0,1,0,1,0
534,0,0,1,0,0,1
535,0,0,1,1,0,0
536,0,0,1,0,1,0
537,0,0,1,0,0,1
538,0,0,1,1,0,0
539,1,0,0,0,1,0
540,1,0,0,0,0,1
541,1,0,0,1,0,0
542,1,0,0,0,1,0
543,1,0,0,0,0,1
544,1,0,0,1,0,0
545,1,0,0,0,1,0
546,1,0,0,0,0,1
547,1,0,0,1,0,0
548,0,1,0,0,1,0
549,0,1,0,0,0,1
550,0,1,0,1,0,0
551,0,1,0,0,1,0
552,0,1,0,0,0,1
553,0,1,0,1,0,0
554,0,1,0,0,1,0
555,0,1,0,0,0,1
556,0,1,0,1,0,0
557,0,0,1,0,1,0
558,0,0,1,0,0,1
559,0,0,1,1,0,0
560,0,0,1,0,1,0
561,0,0,1,0,0,1
562,0,0,1,1,0,0
563,0,0,1,0,1,0
564,0,0,1,0,0,1
565,0,0,1,1,0,0
566,1,0,0,0,1,0
567,1,0,0,0,0,1
568,1,0,0,1,0,0
569,1,0,0,0,1,0
570,1,0,0,0,0,1
571,1,0,0,1,0,0
572,1,0,0,0,1,0
573,1,0,0,0,0,1
574,1,0,0,1,0,0
575,0,1,0,0,1,0
576,0,1,0,0,0,1
577,0,1,0,1,0,0
578,0,1,0,0,1,0
579,0,1,0,0,0,1
580,0,1,0,1,0,0
581,0,1,0,0,1,0
582,0,1,0,0,0,1
583,0,1,0,1,0,0
584,0,0,1,0,1,0
585,0,0,1,0,0,1
586,0,0,1,1,0,0
587,0,0,1,0,1,0
588,0,0,1,0,0,1
589,0,0,1,1,0,0
590,0,0,1,0,1,0
591,0,0,1,0,0,1
592,0,0,1,1,0,0
593,1,0,0,0,1,0
594,1,0,0,0,0,1
595,1,0,0,1,0,0
596,1,0,0,0,1,0
597,1,0,0,0,0,1
598,1,0,0,1,0,0
599,1,0,0,0,1,0
600,1,0,0,0,0,1
601,1,0,0,1,0,0
602,0,1,0,0,1,0
603,0,1,0,0,0,1
604,0,1,0,1,0,0
605,0,1,0,0,1,0
606,0,1,0,0,0,1
607,0,1,0,1,0,0
608,0,1,0,0,1,0
609,0,1,0,0,0,1
610,0,1,0,1,0,0
611,0,0,1,0,1,0
612,0,0,1,0,0,1
613,0,0,1,1,0,0
614,0,0,1,0,1,0
615,0,0,1,0,0,1
616,0,0,1,1,0,0
617,0,0,1,0,1,0
618,0,0,1,0,0,1
619,0,0,1,1,0,0
620,1,0,0,0,1,0
621,1,0,0,0,0,1
622,1,0,0,1,0,0
623,1,0,0,0,1,0
624,1,0,0,0,0,1
625,1,0,0,1,0,0
626,1,0,0,0,1,0
627,1,0,0,0,0,1
628,1,0,0,1,0,0
629,0,1,0,0,1,0
630,0,1,0,0,0,1
631,0,1,0,1,0,0
632,0,1,0,0,1,0
633,0,1,0,0,0,1
634,0,1,0,1,0,0
635,0,1,0,0,1,0
636,0,1,0,0,0,1
637,0,1,0,1,0,0
638,0,0,1,0,1,0
639,0,0,1,0,0,1
640,0,0,1,1,0,0
641,0,0,1,0,1,0
642,0,0,1,0,0,1
643,0,0,1,1,0,0
644,0,0,1,0,1,0
645,0,0,1,0,0,1
646,0,0,1,1,0,0
647,1,0,0,0,1,0
648,1,0,0,0,0,1
649,1,0,0,1,0,0
650,1,0,0,0,1,0
651,1,0,0,0,0,1
652,1,0,0,1,0,0
653,1,0,0,0,1,0
654,1,0,0,0,0,1
655,1,0,0,1,0,0
656,0,1,0,0,1,0
657,0,1,0,0,0,1
658,0,1,0,1,0,0
659,0,1,0,0,1,0
660,0,1,0,0,0,1
661,0,1,0,1,0,0
662,0,1,0,0,1,0
663,0,1,0,0,0,1
664,0,1,0,1,0,0
665,0,0,1,0,1,0
666,0,0,1,0,0,1
667,0,0,1,1,0,0
668,0,0,1,0,1,0
669,0,0,1,0,0,1
670,0,0,1,1,0,0
671,0,0,1,0,1,0
672,0,0,1,0,0,1
673,0,0,1,1,0,0
674,1,0,0,0,1,0
675,1,0,0,0,0,1
676,1,0,0,1,0,0
677,1,0,0,0,1,0
678,1,0,0,0,0,1
679,1,0,0,1,0,0
680,1,0,0,0,1,0
681,1,0,0,0,0,1
682,1,0,0,1,0,0
683,0,1,0,0,1,0
684,0,1,0,0,0,1
685,0,1,0,1,0,0
686,0,1,0,0,1,0
687,0,1,0,0,0,1
688,0,1,0,1,0,0
689,0,1,0,0,1,0
690,0,1,0,0,0,1
691,0,1,0,1,0,0
692,0,0,1,0,1,0
693,0,0,1,0,0,1
694,0,0,1,1,0,0
695,0,0,1,0,1,0
696,0,0,1,0,0,1
697,0,0,1,1,0,0
698,0,0,1,0,1,0
699,0,0,1,0,0,1
700,0,0,1,1,0,0
701,1,0,0,0,1,0
702,1,0,0,0,0,1
703,1,0,0,1,0,0
704,1,0,0,0,1,0
705,1,0,0,0,0,1
706,1,0,0,1,0,0
707,1,0,0,0,1,0
708,1,0,0,0,0,1
709,1,0,0,1,0,0
710,0,1,0,0,1,0
711,0,1,0,0,0,1
712,0,1,0,1,0,0
713,0,1,0,0,1,0
714,0,1,0,0,0,1
715,0,1,0,1,0,0
716,0,1,0,0,1,0
717,0,1,0,0,0,1
718,0,1,0,1,0,0
719,0,0,1,0,1,0
720,0,0,1,0,0,1
721,0,0,1,1,0,0
722,0,0,1,0,1,0
723,0,0,1,0,0,1
724,0,0,1,1,0,0
725,0,0,1,0,1,0
726,0,0,1,0,0,1
727,0,0,1,1,0,0
728,1,0,0,0,1,0
729,1,0,0,0,0,1
730,1,0,0,1,0,0
731,1,0,0,0,1,0
732,1,0,0,0,0,1
733,1,0,0,1,0,0
734,1,0,0,0,1,0
735,1,0,0,0,0,1
736,1,0,0,1,0,0
737,0,1,0,0,1,0
738,0,1,0,0,0,1
739,0,1,0,1,0,0
740,0,1,0,0,1,0
741,0,1,0,0,0,1
742,0,1,0,1,0,0
743,0,1,0,0,1,0
744,0,1,0,0,0,1
745,0,1,0,1,0,0
746,0,0,1,0,1,0
747,0,0,1,0,0,1
748,0,0,1,1,0,0
749,0,0,1,0,1,0
750,0,0,1,0,0,1
751,0,0,1,1,0,0
752,0,0,1,0,1,0
753,0,0,1,0,0,1
754,0,0,1,1,0,0
755,1,0,0,0,1,0
756,1,0,0,0,0,1
757,1,0,0,1,0,0
758,1,0,0,0,1,0
759,1,0,0,0,0,1
760,1,0,0,1,0,0
761,1,0,0,0,1,0
762,1,0,0,0,0,1
763,1,0,0,1,0,0
764,0,1,0,0,1,0
765,0,1,0,0,0,1
766,0,1,0,1,0,0
767,0,1,0,0,1,0
768,0,1,0,0,0,1
769,0,1,0,1,0,0
770,0,1,0,0,1,0
771,0,1,0,0,0,1
772,0,1,0,1,0,0
773,0,0,1,0,1,0
774,0,0,1,0,0,1
775,0,0,1,1,0,0
776,0,0,1,0,1,0
777,0,0,1,0,0,1
778,0,0,1,1,0,0
779,0,0,1,0,1,0
780,0,0,1,0,0,1
781,0,0,1,1,0,0
782,1,0,0,0,1,0
783,1,0,0,0,0,1
784,1,0,0,1,0,0
785,1,0,0,0,1,0
786,1,0,0,0,0,1
787,1,0,0,1,0,0
788,1,0,0,0,1,0
789,1,0,0,0,0,1
790,1,0,0,1,0,0
791,0,1,0,0,1,0
792,0,1,0,0,0,1
793,0,1,0,1,0,0
794,0,1,0,0,1,0
795,0,1,0,0,0,1
796,0,1,0,1,0,0
797,0,1,0,0,1,0
798,0,1,0,0,0,1
799,0,1,0,1,0,0
800,0,0,1,0,1,0
801,0,0,1,0,0,1
802,0,0,1,1,0,0
803,0,0,1,0,1,0
804,0,0,1,0,0,1
805,0,0,1,1,0,0
806,0,0,1,0,1,0
807,0,0,1,0,0,1
808,0,0,1,1,0,0
809,1,0,0,0,1,0
810,1,0,0,0,0,1
811,1,0,0,1,0,0
812,1,0,0,0,1,0
813,1,0,0,0,0,1
814,1,0,0,1,0,0
815,1,0,0,0,1,0
816,1,0,0,0,0,1
817,1,0,0,1,0,0
818,0,1,0,0,1,0
819,0,1,0,0,0,1
820,0,1,0,1,0,0
821,0,1,0,0,1,0
822,0,1,0,0,0,1
823,0,1,0,1,0,0
824,0,1,0,0,1,0
825,0,1,0,0,0,1
826,0,1,0,1,0,0
827,0,0,1,0,1,0
828,0,0,1,0,0,1
829,0,0,1,1,0,0
830,0,0,1,0,1,0
831,0,0,1,0,0,1
832,0,0,1,1,0,0
833,0,0,1,0,1,0
834,0,0,1,0,0,1
835,0,0,1,1,0,0
836,1,0,0,0,1,0
837,1,0,0,0,0,1
838,1,0,0,1,0,0
839,1,0,0,0,1,0
840,1,0,0,0,0,1
841,1,0,0,1,0,0
842,1,0,0,0,1,0
843,1,0,0,0,0,1
844,1,0,0,1,0,0
845,0,1,0,0,1,0
846,0,1,0,0,0,1
847,0,1,0,1,0,0
848,0,1,0,0,1,0
849,0,1,0,0,0,1
850,0,1,0,1,0,0
851,0,1,0,0,1,0
852,0,1,0,0,0,1
853,0,1,0,1,0,0
854,0,0,1,0,1,0
855,0,0,1,0,0,1
856,0,0,1,1,0,0
857,0,0,1,0,1,0
858,0,0,1,0,0,1
859,0,0,1,1,0,0
860,0,0,1,0,1,0
861,0,0,1,0,0,1
862,0,0,1,1,0,0
863,1,0,0,0,1,0
864,1,0,0,0,0,1
865,1,0,0,1,0,0
866,1,0,0,0,1,0
867,1,0,0,0,0,1
868,1,0,0,1,0,0
869,1,0,0,0,1,0
870,1,0,0,0,0,1
871,1,0,0,1,0,0
872,0,1,0,0,1,0
873,0,1,0,0,0,1
874,0,1,0,1,0,0
875,0,1,0,0,1,0
876,0,1,0,0,0,1
877,0,1,0,1,0,0
878,0,1,0,0,1,0
879,0,1,0,0,0,1
880,0,1,0,1,0,0
881,0,0,1,0,1,0
882,0,0,1,0,0,1
883,0,0,1,1,0,0
884,0,0,1,0,1,0
885,0,0,1,0,0,1
886,0,0,1,1,0,0
887,0,0,1,0,1,0
888,0,0,1,0,0,1
889,0,0,1,1,0,0
890,1,0,0,0,1,0
891,1,0,0,0,0,1
892,1,0,0,1,0,0
893,1,0,0,0,1,0
894,1,0,0,0,0,1
895,1,0,0,1,0,0
896,1,0,0,0,1,0
897,1,0,0,0,0,1
898,1,0,0,1,0,0
899,0,1,0,0,1,0
900,0,1,0,0,0,1
901,0,1,0,1,0,0
902,0,1,0,0,1,0
903,0,1,0,0,0,1
904,0,1,0,1,0,0
905,0,1,0,0,1,0
906,0,1,0,0,0,1
907,0,1,0,1,0,0
908,0,0,1,0,1,0
909,0,0,1,0,0,1
910,0,0,1,1,0,0
911,0,0,1,0,1,0
912,0,0,1,0,0,1
913,0,0,1,1,0,0
914,0,0,1,0,1,0
915,0,0,1,0,0,1
916,0,0,1,1,0,0
917,1,0,0,0,1,0
918,1,0,0,0,0,1
919,1,0,0,1,0,0
920,1,0,0,0,1,0
921,1,0,0,0,0,1
922,1,0,0,1,0,0
923,1,0,0,0,1,0
924,1,0,0,0,0,1
925,1,0,0,1,0,0
926,0,1,0,0,1,0
927,0,1,0,0,0,1
928,0,1,0,1,0,0
929,0,1,0,0,1,0
930,0,1,0,0,0,1
931,0,1,0,1,0,0
932,0,1,0,0,1,0
933,0,1,0,0,0,1
934,0,1,0,1,0,0
935,0,0,1,0,1,0
936,0,0,1,0,0,1
937,0,0,1,1,0,0
938,0,0,1,0,1,0
939,0,0,1,0,0,1
940,0,0,1,1,0,0
941,0,0,1,0,1,0
942,0,0,1,0,0,1
943,0,0,1,1,0,0
944,1,0,0,0,1,0
945,1,0,0,0,0,1
946,1,0,0,1,0,0
947,1,0,0,0,1,0
948,1,0,0,0,0,1
949,1,0,0,1,0,0
950,1,0,0,0,1,0
951,1,0,0,0,0,1
952,1,0,0,1,0,0
953,0,1,0,0,1,0
954,0,1,0,0,0,1
955,0,1,0,1,0,0
956,0,1,0,0,1,0
957,0,1,0,0,0,1
958,0,1,0,1,0,0
959,0,1,0,0,1,0
960,0,1,0,0,0,1
961,0,1,0,1,0,0
962,0,0,1,0,1,0
963,0,0,1,0,0,1
964,0,0,1,1,0,0
965,0,0,1,0,1,0
966,0,0,1,0,0,1
967,0,0,1,1,0,0
968,0,0,1,0,1,0
969,0,0,1,0,0,1
970,0,0,1,1,0,0
971,1,0,0,0,1,0
972,1,0,0,0,0,1
973,1,0,0,1,0,0
974,1,0,0,0,1,0
975,1,0,0,0,0,1
976,1,0,0,1,0,0
977,1,0,0,0,1,0
978,1,0,0,0,0,1
979,1,0,0,1,0,0
980,0,1,0,0,1,0
981,0,1,0,0,0,1
982,0,1,0,1,0,0
983,0,1,0,0,1,0
984,0,1,0,0,0,1
985,0,1,0,1,0,0
986,0,1,0,0,1,0
987,0,1,0,0,0,1
988,0,1,0,1,0,0
989,0,0,1,0,1,0
990,0,0,1,0,0,1
991,0,0,1,1,0,0
992,0,0,1,0,1,0
993,0,0,1,0,0,1
994,0,0,1,1,0,0
995,0,0,1,0,1,0
996,0,0,1,0,0,1
997,0,0,1,1,0,0
998,1,0,0,0,1,0
999,1,0,0,0,0,1
1000,1,0,0,1,0,0
1001,1,0,0,0,1,0
1002,1,0,0,0,0,1
1003,1,0,0,1,0,0
1004,1,0,0,0,1,0
1005,1,0,0,0,0,1
1006,1,0,0,1,0,0
1007,0,1,0,0,1,0
1008,0,1,0,0,0,1
1009,0,1,0,1,0,0
1010,0,1,0,0,1,0
1011,0,1,0,0,0,1
1012,0,1,0,1,0,0
1013,0,1,0,0,1,0
1014,0,1,0,0,0,1
1015,0,1,0,1,0,0
1016,0,0,1,0,1,0
1017,0,0,1,0,0,1
1018,0,0,1,1,0,0
1019,0,0,1,0,1,0
1020,0,0,1,0,0,1
1021,0,0,1,1,0,0
1022,0,0,1,0,1,0
1023,0,0,1,0,0,1
1024,0,0,1,1,0,0
1025,1,0,0,0,1,0
1026,1,0,0,0,0,1
1027,1,0,0,1,0,0
1028,1,0,0,0,1,0
1029,1,0,0,0,0,1
1030,1,0,0,1,0,0
1031,1,0,0,0,1,0
1032,1,0,0,0,0,1
1033,1,0,0,1,0,0
1034,0,1,0,0,1,0
1035,0,1,0,0,0,1
1036,0,1,0,1,0,0
1037,0,1,0,0,1,0
1038,0,1,0,0,0,1
1039,0,1,0,1,0,0
1040,0,1,0,0,1,0
1041,0,1,0,0,0,1
1042,0,1,0,1,0,0
1043,0,0,1,0,1,0
1044,0,0,1,0,0,1
1045,0,0,1,1,0,0
1046,0,0,1,0,1,0
1047,0,0,1,0,0,1
1048,0,0,1,1,0,0
1049,0,0,1,0,1,0
1050,0,0,1,0,0,1
1051,0,0,1,1,0,0
1052,1,0,0,0,1,0
1053,1,0,0,0,0,1
1054,1,0,0,1,0,0
1055,1,0,0,0,1,0
1056,1,0,0,0,0,1
1057,1,0,0,1,0,0
1058,1,0,0,0,1,0
1059,1,0,0,0,0,1
1060,1,0,0,1,0,0
1061,0,1,0,0,1,0
1062,0,1,0,0,0,1
1063,0,1,0,1,0,0
1064,0,1,0,0,1,0
1065,0,1,0,0,0,1
1066,0,1,0,1,0,0
1067,0,1,0,0,1,0
1068,0,1,0,0,0,1
1069,0,1,0,1,0,0
1070,0,0,1,0,1,0
1071,0,0,1,0,0,1
1072,0,0,1,1,0,0
1073,0,0,1,0,1,0
1074,0,0,1,0,0,1
1075,0,0,1,1,0,0
1076,0,0,1,0,1,0
1077,0,0,1,0,0,1
1078,0,0,1,1,0,0
1079,1,0,0,0,1,0
1080,1,0,0,0,0,1
1081,1,0,0,1,0,0
1082,1,0,0,0,1,0
1083,1,0,0,0,0,1
1084,1,0,0,1,0,0
1085,1,0,0,0,1,0
1086,1,0,0,0,0,1
1087,1,0,0,1,0,0
1088,0,1,0,0,1,0
1089,0,1,0,0,0,1
1090,0,1,0,1,0,0
1091,0,1,0,0,1,0
1092,0,1,0,0,0,1
1093,0,1,0,1,0,0
1094,0,1,0,0,1,0
1095,0,1,0,0,0,1
1096,0,1,0,1,0,0
1097,0,0,1,0,1,0
1098,0,0,1,0,0,1
1099,0,0,1,1,0,0
1100,0,0,1,0,1,0
1101,0,0,1,0,0,1
1102,0,0,1,1,0,0
1103,0,0,1,0,1,0
1104,0,0,1,0,0,1
1105,0,0,1,1,0,0
1106,1,0,0,0,1,0
1107,1,0,0,0,0,1
1108,1,0,0,1,0,0
1109,1,0,0,0,1,0
1110,1,0,0,0,0,1
1111,1,0,0,1,0,0
1112,1,0,0,0,1,0
1113,1,0,0,0,0,1
1114,1,0,0,1,0,0
1115,0,1,0,0,1,0
1116,0,1,0,0,0,1
1117,0,1,0,1,0,0
1118,0,1,0,0,1,0
1119,0,1,0,0,0,1
1120,0,1,0,1,0,0
1121,0,1,0,0,1,0
1122,0,1,0,0,0,1
1123,0,1,0,1,0,0
1124,0,0,1,0,1,0
1125,0,0,1,0,0,1
1126,0,0,1,1,0,0
1127,0,0,1,0,1,0
1128,0,0,1,0,0,1
1129,0,0,1,1,0,0
1130,0,0,1,0,1,0
1131,0,0,1,0,0,1
1132,0,0,1,1,0,0
1133,1,0,0,0,1,0
1134,1,0,0,0,0,1
1135,1,0,0,1,0,0
1136,1,0,0,0,1,0
1137,1,0,0,0,0,1
1138,1,0,0,1,0,0
1139,1,0,0,0,1,0
1140,1,0,0,0,0,1
1141,1,0,0,1,0,0
1142,0,1,0,0,1,0
1143,0,1,0,0,0,1
1144,0,1,0,1,0,0
1145,0,1,0,0,1,0
1146,0,1,0,0,0,1
1147,0,1,0,1,0,0
1148,0,1,0,0,1,0
1149,0,1,0,0,0,1
1150,0,1,0,1,0,0
1151,0,0,1,0,1,0
1152,0,0,1,0,0,1
1153,0,0,1,1,0,0
1154,0,0,1,0,1,0
1155,0,0,1,0,0,1
1156,0,0,1,1,0,0
1157,0,0,1,0,1,0
1158,0,0,1,0,0,1
1159,0,0,1,1,0,0
1160,1,0,0,0,1,0
1161,1,0,0,0,0,1
1162,1,0,0,1,0,0
1163,1,0,0,0,1,0
1164,1,0,0,0,0,1
1165,1,0,0,1,0,0
1166,1,0,0,0,1,0
1167,1,0,0,0,0,1
1168,1,0,0,1,0,0
1169,0,1,0,0,1,0
1170,0,1,0,0,0,1
1171,0,1,0,1,0,0
1172,0,1,0,0,1,0
1173,0,1,0,0,0,1
1174,0,1,0,1,0,0
1175,0,1,0,0,1,0
1176,0,1,0,0,0,1
1177,0,1,0,1,0,0
1178,0,0,1,0,1,0
1179,0,0,1,0,0,1
1180,0,0,1,1,0,0
1181,0,0,1,0,1,0
1182,0,0,1,0,0,1
1183,0,0,1,1,0,0
1184,0,0,1,0,1,0
1185,0,0,1,0,0,1
1186,0,0,1,1,0,0
1187,1,0,0,0,1,0
1188,1,0,0,0,0,1
1189,1,0,0,1,0,0
1190,1,0,0,0,1,0
1191,1,0,0,0,0,1
1192,1,0,0,1,0,0
1193,1,0,0,0,1,0
1194,1,0,0,0,0,1
1195,1,0,0,1,0,0
1196,0,1,0,0,1,0
1197,0,1,0,0,0,1
1198,0,1,0,1,0,0
1199,0,1,0,0,1,0
1200,0,1,0,0,0,1
1201,0,1,0,1,0,0
1202,0,1,0,0,1,0
1203,0,1,0,0,0,1
1204,0,1,0,1,0,0
1205,0,0,1,0,1,0
1206,0,0,1,0,0,1
1207,0,0,1,1,0,0
1208,0,0,1,0,1,0
1209,0,0,1,0,0,1
1210,0,0,1,1,0,0
1211,0,0,1,0,1,0
1212,0,0,1,0,0,1
1213,0,0,1,1,0,0
1214,1,0,0,0,1,0
1215,1,0,0,0,0,1
1216,1,0,0,1,0,0
1217,1,0,0,0,1,0
1218,1,0,0,0,0,1
1219,1,0,0,1,0,0
1220,1,0,0,0,1,0
1221,1,0,0,0,0,1
1222,1,0,0,1,0,0
1223,0,1,0,0,1,0
1224,0,1,0,0,0,1
1225,0,1,0,1,0,0
1226,0,1,0,0,1,0
1227,0,1,0,0,0,1
1228,0,1,0,1,0,0
1229,0,1,0,0,1,0
1230,0,1,0,0,0,1
1231,0,1,0,1,0,0
1232,0,0,1,0,1,0
1233,0,0,1,0,0,1
1234,0,0,1,1,0,0
1235,0,0,1,0,1,0
1236,0,0,1,0,0,1
1237,0,0,1,1,0,0
1238,0,0,1,0,1,0
1239,0,0,1,0,0,1
1240,0,0,1,1,0,0
1241,1,0,0,0,1,0
1242,1,0,0,0,0,1
1243,1,0,0,1,0,0
1244,1,0,0,0,1,0
1245,1,0,0,0,0,1
1246,1,0,0,1,0,0
1247,1,0,0,0,1,0
1248,1,0,0,0,0,1
1249,1,0,0,1,0,0
1250,0,1,0,0,1,0
1251,0,1,0,0,0,1
1252,0,1,0,1,0,0
1253,0,1,0,0,1,0
1254,0,1,0,0,0,1
1255,0,1,0,1,0,0
1256,0,1,0,0,1,0
1257,0,1,0,0,0,1
1258,0,1,0,1,0,0
1259,0,0,1,0,1,0
1260,0,0,1,0,0,1
1261,0,0,1,1,0,0
1262,0,0,1,0,1,0
1263,0,0,1,0,0,1
1264,0,0,1,1,0,0
1265,0,0,1,0,1,0
1266,0,0,1,0,0,1
1267,0,0,1,1,0,0
1268,1,0,0,0,1,0
1269,1,0,0,0,0,1
1270,1,0,0,1,0,0
1271,1,0,0,0,1,0
1272,1,0,0,0,0,1
1273,1,0,0,1,0,0
1274,1,0,0,0,1,0
1275,1,0,0,0,0,1
1276,1,0,0,1,0,0
1277,0,1,0,0,1,0
1278,0,1,0,0,0,1
1279,0,1,0,1,0,0
1280,0,1,0,0,1,0
1281,0,1,0,0,0,1
1282,0,1,0,1,0,0
1283,0,1,0,0,1,0
1284,0,1,0,0,0,1
1285,0,1,0,1,0,0
1286,0,0,1,0,1,0
1287,0,0,1,0,0,1
1288,0,0,1,1,0,0
1289,0,0,1,0,1,0
1290,0,0,1,0,0,1
1291,0,0,1,1,0,0
1292,0,0,1,0,1,0
1293,0,0,1,0,0,1
1294,0,0,1,1,0,0
1295,1,0,0,0,1,0
1296,1,0,0,0,0,1
1297,1,0,0,1,0,0
1298,1,0,0,0,1,0
1299,1,0,0,0,0,1
1300,1,0,0,1,0,0
1301,1,0,0,0,1,0
1302,1,0,0,0,0,1
1303,1,0,0,1,0,0
1304,0,1,0,0,1,0
1305,0,1,0,0,0,1
1306,0,1,0,1,0,0
1307,0,1,0,0,1,0
1308,0,1,0,0,0,1
1309,0,1,0,1,0,0
1310,0,1,0,0,1,0
1311,0,1,0,0,0,1
1312,0,1,0,1,0,0
1313,0,0,1,0,1,0
1314,0,0,1,0,0,1
1315,0,0,1,1,0,0
1316,0,0,1,0,1,0
1317,0,0,1,0,0,1
1318,0,0,1,1,0,0
1319,0,0,1,0,1,0
1320,0,0,1,0,0,1
1321,0,0,1,1,0,0
1322,1,0,0,0,1,0
1323,1,0,0,0,0,1
1324,1,0,0,1,0,0
1325,1,0,0,0,1,0
1326,1,0,0,0,0,1
1327,1,0,0,1,0,0
1328,1,0,0,0,1,0
1329,1,0,0,0,0,1
1330,1,0,0,1,0,0
1331,0,1,0,0,1,0
1332,0,1,0,0,0,1
1333,0,1,0,1,0,0
1334,0,1,0,0,1,0
1335,0,1,0,0,0,1
1336,0,1,0,1,0,0
1337,0,1,0,0,1,0
1338,0,1,0,0,0,1
1339,0,1,0,1,0,0
1340,0,0,1,0,1,0
1341,0,0,1,0,0,1
1342,0,0,1,1,0,0
1343,0,0,1,0,1,0
1344,0,0,1,0,0,1
1345,0,0,1,1,0,0
1346,0,0,1,0,1,0
1347,0,0,1,0,0,1
1348,0,0,1,1,0,0
1349,1,0,0,0,1,0
1350,1,0,0,0,0,1
1351,1,0,0,1,0,0
1352,1,0,0,0,1,0
1353,1,0,0,0,0,1
1354,1,0,0,1,0,0
1355,1,0,0,0,1,0
1356,1,0,0,0,0,1
1357,1,0,0,1,0,0
1358,0,1,0,0,1,0
1359,0,1,0,0,0,1
1360,0,1,0,1,0,0
1361,0,1,0,0,1,0
1362,0,1,0,0,0,1
1363,0,1,0,1,0,0
1364,0,1,0,0,1,0
1365,0,1,0,0,0,1
1366,0,1,0,1,0,0
1367,0,0,1,0,1,0
1368,0,0,1,0,0,1
1369,0,0,1,1,0,0
1370,0,0,1,0,1,0
1371,0,0,1,0,0,1
1372,0,0,1,1,0,0
1373,0,0,1,0,1,0
1374,0,0,1,0,0,1
1375,0,0,1,1,0,0
1376,1,0,0,0,1,0
1377,1,0,0,0,0,1
1378,1,0,0,1,0,0
1379,1,0,0,0,1,0
1380,1,0,0,0,0,1
1381,1,0,0,1,0,0
1382,1,0,0,0,1,0
1383,1,0,0,0,0,1
1384,1,0,0,1,0,0
1385,0,1,0,0,1,0
1386,0,1,0,0,0,1
1387,0,1,0,1,0,0
1388,0,1,0,0,1,0
1389,0,1,0,0,0,1
1390,0,1,0,1,0,0
1391,0,1,0,0,1,0
1392,0,1,0,0,0,1
1393,0,1,0,1,0,0
1394,0,0,1,0,1,0
1395,0,0,1,0,0,1
1396,0,0,1,1,0,0
1397,0,0,1,0,1,0
1398,0,0,1,0,0,1
1399,0,0,1,1,0,0
1400,0,0,1,0,1,0
1401,0,0,1,0,0,1
1402,0,0,1,1,0,0
1403,1,0,0,0,1,0
1404,1,0,0,0,0,1
1405,1,0,0,1,0,0
1406,1,0,0,0,1,0
1407,1,0,0,0,0,1
1408,1,0,0,1,0,0
1409,1,0,0,0,1,0
1410,1,0,0,0,0,1
1411,1,0,0,1,0,0
1412,0,1,0,0,1,0
1413,0,1,0,0,0,1
1414,0,1,0,1,0,0
1415,0,1,0,0,1,0
1416,0,1,0,0,0,1
1417,0,1,0,1,0,0
1418,0,1,0,0,1,0
1419,0,1,0,0,0,1
1420,0,1,0,1,0,0
1421,0,0,1,0,1,0
1422,0,0,1,0,0,1
1423,0,0,1,1,0,0
1424,0,0,1,0,1,0
1425,0,0,1,0,0,1
1426,0,0,1,1,0,0
1427,0,0,1,0,1,0
1428,0,0,1,0,0,1
1429,0,0,1,1,0,0
1430,1,0,0,0,1,0
1431,1,0,0,0,0,1
1432,1,0,0,1,0,0
1433,1,0,0,0,1,0
1434,1,0,0,0,0,1
1435,1,0,0,1,0,0
1436,1,0,0,0,1,0
1437,1,0,0,0,0,1
1438,1,0,0,1,0,0
1439,0,1,0,0,1,0
1440,0,1,0,0,0,1
1441,0,1,0,1,0,0
1442,0,1,0,0,1,0
1443,0,1,0,0,0,1
1444,0,1,0,1,0,0
1445,0,1,0,0,1,0
1446,0,1,0,0,0,1
1447,0,1,0,1,0,0
1448,0,0,1,0,1,0
1449,0,0,1,0,0,1
1450,0,0,1,1,0,0
1451,0,0,1,0,1,0
1452,0,0,1,0,0,1
1453,0,0,1,1,0,0
1454,0,0,1,0,1,0
1455,0,0,1,0,0,1
1456,0,0,1,1,0,0
1457,1,0,0,0,1,0
1458,1,0,0,0,0,1
1459,1,0,0,1,0,0
1460,1,0,0,0,1,0
1461,1,0,0,0,0,1
1462,1,0,0,1,0,0
1463,1,0,0,0,1,0
1464,1,0,0,0,0,1
1465,1,0,0,1,0,0
1466,0,1,0,0,1,0
1467,0,1,0,0,0,1
1468,0,1,0,1,0,0
1469,0,1,0,0,1,0
1470,0,1,0,0,0,1
1471,0,1,0,1,0,0
1472,0,1,0,0,1,0
1473,0,1,0,0,0,1
1474,0,1,0,1,0,0
1475,0,0,1,0,1,0
1476,0,0,1,0,0,1
1477,0,0,1,1,0,0
1478,0,0,1,0,1,0
1479,0,0,1,0,0,1
1480,0,0,1,1,0,0
1481,0,0,1,0,1,0
1482,0,0,1,0,0,1
1483,0,0,1,1,0,0
1484,1,0,0,0,1,0
1485,1,0,0,0,0,1
1486,1,0,0,1,0,0
1487,1,0,0,0,1,0
1488,1,0,0,0,0,1
1489,1,0,0,1,0,0
1490,1,0,0,0,1,0
1491,1,0,0,0,0,1
1492,1,0,0,1,0,0
1493,0,1,0,0,1,0
1494,0,1,0,0,0,1
1495,0,1,0,1,0,0
1496,0,1,0,0,1,0
1497,0,1,0,0,0,1
1498,0,1,0,1,0,0
1499,0,1,0,0,1,0
1500,0,1,0,0,0,1
1501,0,1,0,1,0,0
1502,0,0,1,0,1,0
1503,0,0,1,0,0,1
1504,0,0,1,1,0,0
1505,0,0,1,0,1,0
1506,0,0,1,0,0,1
1507,0,0,1,1,0,0
1508,0,0,1,0,1,0
1509,0,0,1,0,0,1
1510,0,0,1,1,0,0
1511,1,0,0,0,1,0
1512,1,0,0,0,0,1
1513,1,0,0,1,0,0
1514,1,0,0,0,1,0
1515,1,0,0,0,0,1
1516,1,0,0,1,0,0
1517,1,0,0,0,1,0
1518,1,0,0,0,0,1
1519,1,0,0,1,0,0
1520,0,1,0,0,1,0
1521,0,1,0,0,0,1
1522,0,1,0,1,0,0
1523,0,1,0,0,1,0
1524,0,1,0,0,0,1
1525,0,1,0,1,0,0
1526,0,1,0,0,1,0
1527,0,1,0,0,0,1
1528,0,1,0,1,0,0
1529,0,0,1,0,1,0
1530,0,0,1,0,0,1
1531,0,0,1,1,0,0
1532,0,0,1,0,1,0
1533,0,0,1,0,0,1
1534,0,0,1,1,0,0
1535,0,0,1,0,1,0
1536,0,0,1,0,0,1
1537,0,0,1,1,0,0
1538,1,0,0,0,1,0
1539,1,0,0,0,0,1
1540,1,0,0,1,0,0
1541,1,0,0,0,1,0
1542,1,0,0,0,0,1
1543,1,0,0,1,0,0
1544,1,0,0,0,1,0
1545,1,0,0,0,0,1
1546,1,0,0,1,0,0
1547,0,1,0,0,1,0
1548,0,1,0,0,0,1
1549,0,1,0,1,0,0
1550,0,1,0,0,1,0
1551,0,1,0,0,0,1
1552,0,1,0,1,0,0
1553,0,1,0,0,1,0
1554,0,1,0,0,0,1
1555,0,1,0,1,0,0
1556,0,0,1,0,1,0
1557,0,0,1,0,0,1
1558,0,0,1,1,0,0
1559,0,0,1,0,1,0
1560,0,0,1,0,0,1
1561,0,0,1,1,0,0
1562,0,0,1,0,1,0
1563,0,0,1,0,0,1
1564,0,0,1,1,0,0
1565,1,0,0,0,1,0
1566,1,0,0,0,0,1
1567,1,0,0,1,0,0
1568,1,0,0,0,1,0
1569,1,0,0,0,0,1
1570,1,0,0,1,0,0
1571,1,0,0,0,1,0
1572,1,0,0,0,0,1
1573,1,0,0,1,0,0
1574,0,1,0,0,1,0
1575,0,1,0,0,0,1
1576,0,1,0,1,0,0
1577,0,1,0,0,1,0
1578,0,1,0,0,0,1
1579,0,1,0,1,0,0
1580,0,1,0,0,1,0
1581,0,1,0,0,0,1
1582,0,1,0,1,0,0
1583,0,0,1,0,1,0
1584,0,0,1,0,0,1
1585,0,0,1,1,0,0
1586,0,0,1,0,1,0
1587,0,0,1,0,0,1
1588,0,0,1,1,0,0
1589,0,0,1,0,1,0
1590,0,0,1,0,0,1
1591,0,0,1,1,0,0
1592,1,0,0,0,1,0
1593,1,0,0,0,0,1
1594,1,0,0,1,0,0
1595,1,0,0,0,1,0
1596,1,0,0,0,0,1
1597,1,0,0,1,0,0
1598,1,0,0,0,1,0
1599,1,0,0,0,0,1
1600,1,0,0,1,0,0
1601,0,1,0,0,1,0
1602,0,1,0,0,0,1
1603,0,1,0,1,0,0
1604,0,1,0,0,1,0
1605,0,1,0,0,0,1
1606,0,1,0,1,0,0
1607,0,1,0,0,1,0
1608,0,1,0,0,0,1
1609,0,1,0,1,0,0
1610,0,0,1,0,1,0
1611,0,0,1,0,0,1
1612,0,0,1,1,0,0
1613,0,0,1,0,1,0
1614,0,0,1,0,0,1
1615,0,0,1,1,0,0
1616,0,0,1,0,1,0
1617,0,0,1,0,0,1
1618,0,0,1,1,0,0
1619,1,0,0,0,1,0
1620,1,0,0,0,0,1
1621,1,0,0,1,0,0
1622,1,0,0,0,1,0
1623,1,0,0,0,0,1
1624,1,0,0,1,0,0
1625,1,0,0,0,1,0
1626,1,0,0,0,0,1
1627,1,0,0,1,0,0
1628,0,1,0,0,1,0
1629,0,1,0,0,0,1
1630,0,1,0,1,0,0
1631,0,1,0,0,1,0
1632,0,1,0,0,0,1
1633,0,1,0,1,0,0
1634,0,1,0,0,1,0
1635,0,1,0,0,0,1
1636,0,1,0,1,0,0
1637,0,0,1,0,1,0
1638,0,0,1,0,0,1
1639,0,0,1,1,0,0
1640,0,0,1,0,1,0
1641,0,0,1,0,0,1
1642,0,0,1,1,0,0
1643,0,0,1,0,1,0
1644,0,0,1,0,0,1
1645,0,0,1,1,0,0
1646,1,0,0,0,1,0
1647,1,0,0,0,0,1
1648,1,0,0,1,0,0
1649,1,0,0,0,1,0
1650,1,0,0,0,0,1
1651,1,0,0,1,0,0
1652,1,0,0,0,1,0
1653,1,0,0,0,0,1
1654,1,0,0,1,0,0
1655,0,1,0,0,1,0
1656,0,1,0,0,0,1
1657,0,1,0,1,0,0
1658,0,1,0,0,1,0
1659,0,1,0,0,0,1
1660,0,1,0,1,0,0
1661,0,1,0,0,1,0
1662,0,1,0,0,0,1
1663,0,1,0,1,0,0
1664,0,0,1,0,1,0
1665,0,0,1,0,0,1
1666,0,0,1,1,0,0
1667,0,0,1,0,1,0
1668,0,0,1,0,0,1
1669,0,0,1,1,0,0
1670,0,0,1,0,1,0
1671,0,0,1,0,0,1
1672,0,0,1,1,0,0
1673,1,0,0,0,1,0
1674,1,0,0,0,0,1
1675,1,0,0,1,0,0
1676,1,0,0,0,1,0
1677,1,0,0,0,0,1
1678,1,0,0,1,0,0
1679,1,0,0,0,1,0
1680,1,0,0,0,0,1
1681,1,0,0,1,0,0
1682,0,1,0,0,1,0
1683,0,1,0,0,0,1
1684,0,1,0,1,0,0
1685,0,1,0,0,1,0
1686,0,1,0,0,0,1
1687,0,1,0,1,0,0
1688,0,1,0,0,1,0
1689,0,1,0,0,0,1
1690,0,1,0,1,0,0
1691,0,0,1,0,1,0
1692,0,0,1,0,0,1
1693,0,0,1,1,0,0
1694,0,0,1,0,1,0
1695,0,0,1,0,0,1
1696,0,0,1,1,0,0
1697,0,0,1,0,1,0
1698,0,0,1,0,0,1
1699,0,0,1,1,0,0
1700,1,0,0,0,1,0
1701,1,0,0,0,0,1
1702,1,0,0,1,0,0
1703,1,0,0,0,1,0
1704,1,0,0,0,0,1
1705,1,0,0,1,0,0
1706,1,0,0,0,1,0
1707,1,0,0,0,0,1
1708,1,0,0,1,0,0
1709,0,1,0,0,1,0
1710,0,1,0,0,0,1
1711,0,1,0,1,0,0
1712,0,1,0,0,1,0
1713,0,1,0,0,0,1
1714,0,1,0,1,0,0
1715,0,1,0,0,1,0
1716,0,1,0,0,0,1
1717,0,1,0,1,0,0
1718,0,0,1,0,1,0
1719,0,0,1,0,0,1
1720,0,0,1,1,0,0
1721,0,0,1,0,1,0
1722,0,0,1,0,0,1
1723,0,0,1,1,0,0
1724,0,0,1,0,1,0
1725,0,0,1,0,0,1
1726,0,0,1,1,0,0
